ISO-10303-21;
HEADER;
/* Generated by software containing ST-Developer
 * from STEP Tools, Inc. (www.steptools.com) 
 */

FILE_DESCRIPTION(
/* description */ (''),
/* implementation_level */ '2;1');

FILE_NAME(
/* name */ 'case+gate.step',
/* time_stamp */ '2026-08-28T00:03:36+02:00',
/* author */ (''),
/* organization */ (''),
/* preprocessor_version */ 'ST-DEVELOPER v20.1',
/* originating_system */ 'Autodesk Translation Framework v15.8.0.0',
/* authorisation */ '');

FILE_SCHEMA (('AUTOMOTIVE_DESIGN { 1 0 10303 214 3 1 1 }'));
ENDSEC;

DATA;
#10=MECHANICAL_DESIGN_GEOMETRIC_PRESENTATION_REPRESENTATION('',(#13,#14),
#2420);
#11=SHAPE_REPRESENTATION_RELATIONSHIP('SRR','None',#2427,#12);
#12=ADVANCED_BREP_SHAPE_REPRESENTATION('',(#15,#16),#2419);
#13=STYLED_ITEM('',(#2436),#15);
#14=STYLED_ITEM('',(#2436),#16);
#15=MANIFOLD_SOLID_BREP('Body2',#1517);
#16=MANIFOLD_SOLID_BREP('Body3',#1518);
#17=CYLINDRICAL_SURFACE('',#1585,0.2);
#18=CYLINDRICAL_SURFACE('',#1588,0.2);
#19=CYLINDRICAL_SURFACE('',#1591,0.2);
#20=CYLINDRICAL_SURFACE('',#1596,0.2);
#21=CIRCLE('',#1573,0.2);
#22=CIRCLE('',#1574,0.2);
#23=CIRCLE('',#1576,0.2);
#24=CIRCLE('',#1581,0.2);
#25=CIRCLE('',#1583,0.2);
#26=CIRCLE('',#1584,0.2);
#27=CIRCLE('',#1586,0.2);
#28=CIRCLE('',#1589,0.2);
#29=CIRCLE('',#1592,0.2);
#30=CIRCLE('',#1595,0.2);
#31=FACE_BOUND('',#122,.T.);
#32=FACE_BOUND('',#123,.T.);
#33=FACE_BOUND('',#124,.T.);
#34=FACE_BOUND('',#125,.T.);
#35=FACE_BOUND('',#148,.T.);
#36=FACE_BOUND('',#149,.T.);
#37=FACE_BOUND('',#150,.T.);
#38=FACE_BOUND('',#151,.T.);
#39=FACE_BOUND('',#192,.T.);
#40=FACE_OUTER_BOUND('',#117,.T.);
#41=FACE_OUTER_BOUND('',#118,.T.);
#42=FACE_OUTER_BOUND('',#119,.T.);
#43=FACE_OUTER_BOUND('',#120,.T.);
#44=FACE_OUTER_BOUND('',#121,.T.);
#45=FACE_OUTER_BOUND('',#126,.T.);
#46=FACE_OUTER_BOUND('',#127,.T.);
#47=FACE_OUTER_BOUND('',#128,.T.);
#48=FACE_OUTER_BOUND('',#129,.T.);
#49=FACE_OUTER_BOUND('',#130,.T.);
#50=FACE_OUTER_BOUND('',#131,.T.);
#51=FACE_OUTER_BOUND('',#132,.T.);
#52=FACE_OUTER_BOUND('',#133,.T.);
#53=FACE_OUTER_BOUND('',#134,.T.);
#54=FACE_OUTER_BOUND('',#135,.T.);
#55=FACE_OUTER_BOUND('',#136,.T.);
#56=FACE_OUTER_BOUND('',#137,.T.);
#57=FACE_OUTER_BOUND('',#138,.T.);
#58=FACE_OUTER_BOUND('',#139,.T.);
#59=FACE_OUTER_BOUND('',#140,.T.);
#60=FACE_OUTER_BOUND('',#141,.T.);
#61=FACE_OUTER_BOUND('',#142,.T.);
#62=FACE_OUTER_BOUND('',#143,.T.);
#63=FACE_OUTER_BOUND('',#144,.T.);
#64=FACE_OUTER_BOUND('',#145,.T.);
#65=FACE_OUTER_BOUND('',#146,.T.);
#66=FACE_OUTER_BOUND('',#147,.T.);
#67=FACE_OUTER_BOUND('',#152,.T.);
#68=FACE_OUTER_BOUND('',#153,.T.);
#69=FACE_OUTER_BOUND('',#154,.T.);
#70=FACE_OUTER_BOUND('',#155,.T.);
#71=FACE_OUTER_BOUND('',#156,.T.);
#72=FACE_OUTER_BOUND('',#157,.T.);
#73=FACE_OUTER_BOUND('',#158,.T.);
#74=FACE_OUTER_BOUND('',#159,.T.);
#75=FACE_OUTER_BOUND('',#160,.T.);
#76=FACE_OUTER_BOUND('',#161,.T.);
#77=FACE_OUTER_BOUND('',#162,.T.);
#78=FACE_OUTER_BOUND('',#163,.T.);
#79=FACE_OUTER_BOUND('',#164,.T.);
#80=FACE_OUTER_BOUND('',#165,.T.);
#81=FACE_OUTER_BOUND('',#166,.T.);
#82=FACE_OUTER_BOUND('',#167,.T.);
#83=FACE_OUTER_BOUND('',#168,.T.);
#84=FACE_OUTER_BOUND('',#169,.T.);
#85=FACE_OUTER_BOUND('',#170,.T.);
#86=FACE_OUTER_BOUND('',#171,.T.);
#87=FACE_OUTER_BOUND('',#172,.T.);
#88=FACE_OUTER_BOUND('',#173,.T.);
#89=FACE_OUTER_BOUND('',#174,.T.);
#90=FACE_OUTER_BOUND('',#175,.T.);
#91=FACE_OUTER_BOUND('',#176,.T.);
#92=FACE_OUTER_BOUND('',#177,.T.);
#93=FACE_OUTER_BOUND('',#178,.T.);
#94=FACE_OUTER_BOUND('',#179,.T.);
#95=FACE_OUTER_BOUND('',#180,.T.);
#96=FACE_OUTER_BOUND('',#181,.T.);
#97=FACE_OUTER_BOUND('',#182,.T.);
#98=FACE_OUTER_BOUND('',#183,.T.);
#99=FACE_OUTER_BOUND('',#184,.T.);
#100=FACE_OUTER_BOUND('',#185,.T.);
#101=FACE_OUTER_BOUND('',#186,.T.);
#102=FACE_OUTER_BOUND('',#187,.T.);
#103=FACE_OUTER_BOUND('',#188,.T.);
#104=FACE_OUTER_BOUND('',#189,.T.);
#105=FACE_OUTER_BOUND('',#190,.T.);
#106=FACE_OUTER_BOUND('',#191,.T.);
#107=FACE_OUTER_BOUND('',#193,.T.);
#108=FACE_OUTER_BOUND('',#194,.T.);
#109=FACE_OUTER_BOUND('',#195,.T.);
#110=FACE_OUTER_BOUND('',#196,.T.);
#111=FACE_OUTER_BOUND('',#197,.T.);
#112=FACE_OUTER_BOUND('',#198,.T.);
#113=FACE_OUTER_BOUND('',#199,.T.);
#114=FACE_OUTER_BOUND('',#200,.T.);
#115=FACE_OUTER_BOUND('',#201,.T.);
#116=FACE_OUTER_BOUND('',#202,.T.);
#117=EDGE_LOOP('',(#947,#948,#949,#950));
#118=EDGE_LOOP('',(#951,#952,#953,#954,#955,#956,#957,#958));
#119=EDGE_LOOP('',(#959,#960,#961,#962,#963,#964,#965,#966,#967,#968));
#120=EDGE_LOOP('',(#969,#970,#971,#972));
#121=EDGE_LOOP('',(#973,#974,#975,#976));
#122=EDGE_LOOP('',(#977,#978,#979,#980));
#123=EDGE_LOOP('',(#981,#982,#983,#984));
#124=EDGE_LOOP('',(#985,#986,#987,#988));
#125=EDGE_LOOP('',(#989,#990,#991,#992));
#126=EDGE_LOOP('',(#993,#994,#995,#996,#997,#998,#999,#1000));
#127=EDGE_LOOP('',(#1001,#1002,#1003,#1004));
#128=EDGE_LOOP('',(#1005,#1006,#1007,#1008,#1009,#1010,#1011,#1012));
#129=EDGE_LOOP('',(#1013,#1014,#1015,#1016));
#130=EDGE_LOOP('',(#1017,#1018,#1019,#1020));
#131=EDGE_LOOP('',(#1021,#1022,#1023,#1024,#1025,#1026,#1027));
#132=EDGE_LOOP('',(#1028,#1029,#1030,#1031,#1032,#1033,#1034,#1035));
#133=EDGE_LOOP('',(#1036,#1037,#1038,#1039,#1040,#1041,#1042,#1043));
#134=EDGE_LOOP('',(#1044,#1045,#1046,#1047));
#135=EDGE_LOOP('',(#1048,#1049,#1050,#1051));
#136=EDGE_LOOP('',(#1052,#1053,#1054,#1055));
#137=EDGE_LOOP('',(#1056,#1057,#1058,#1059));
#138=EDGE_LOOP('',(#1060,#1061,#1062,#1063));
#139=EDGE_LOOP('',(#1064,#1065,#1066,#1067));
#140=EDGE_LOOP('',(#1068,#1069,#1070,#1071));
#141=EDGE_LOOP('',(#1072,#1073,#1074,#1075));
#142=EDGE_LOOP('',(#1076,#1077,#1078,#1079));
#143=EDGE_LOOP('',(#1080,#1081,#1082,#1083));
#144=EDGE_LOOP('',(#1084,#1085,#1086,#1087));
#145=EDGE_LOOP('',(#1088,#1089,#1090,#1091));
#146=EDGE_LOOP('',(#1092,#1093,#1094,#1095));
#147=EDGE_LOOP('',(#1096,#1097,#1098,#1099));
#148=EDGE_LOOP('',(#1100,#1101,#1102,#1103));
#149=EDGE_LOOP('',(#1104,#1105,#1106,#1107));
#150=EDGE_LOOP('',(#1108,#1109,#1110,#1111));
#151=EDGE_LOOP('',(#1112,#1113,#1114,#1115));
#152=EDGE_LOOP('',(#1116,#1117,#1118,#1119));
#153=EDGE_LOOP('',(#1120,#1121,#1122,#1123));
#154=EDGE_LOOP('',(#1124,#1125,#1126,#1127));
#155=EDGE_LOOP('',(#1128,#1129,#1130,#1131));
#156=EDGE_LOOP('',(#1132,#1133,#1134,#1135));
#157=EDGE_LOOP('',(#1136,#1137,#1138,#1139));
#158=EDGE_LOOP('',(#1140,#1141,#1142,#1143));
#159=EDGE_LOOP('',(#1144,#1145,#1146,#1147));
#160=EDGE_LOOP('',(#1148,#1149,#1150,#1151));
#161=EDGE_LOOP('',(#1152,#1153,#1154,#1155));
#162=EDGE_LOOP('',(#1156,#1157,#1158,#1159));
#163=EDGE_LOOP('',(#1160,#1161,#1162,#1163));
#164=EDGE_LOOP('',(#1164,#1165,#1166,#1167));
#165=EDGE_LOOP('',(#1168,#1169,#1170,#1171,#1172,#1173,#1174,#1175,#1176,
#1177,#1178,#1179,#1180,#1181));
#166=EDGE_LOOP('',(#1182,#1183,#1184,#1185));
#167=EDGE_LOOP('',(#1186,#1187,#1188,#1189,#1190));
#168=EDGE_LOOP('',(#1191,#1192,#1193,#1194,#1195));
#169=EDGE_LOOP('',(#1196,#1197,#1198,#1199,#1200,#1201));
#170=EDGE_LOOP('',(#1202,#1203,#1204,#1205));
#171=EDGE_LOOP('',(#1206,#1207,#1208,#1209,#1210,#1211));
#172=EDGE_LOOP('',(#1212,#1213,#1214,#1215));
#173=EDGE_LOOP('',(#1216,#1217,#1218,#1219));
#174=EDGE_LOOP('',(#1220,#1221,#1222,#1223,#1224));
#175=EDGE_LOOP('',(#1225,#1226,#1227,#1228,#1229));
#176=EDGE_LOOP('',(#1230,#1231,#1232,#1233,#1234));
#177=EDGE_LOOP('',(#1235,#1236,#1237,#1238,#1239));
#178=EDGE_LOOP('',(#1240,#1241,#1242,#1243,#1244,#1245));
#179=EDGE_LOOP('',(#1246,#1247,#1248,#1249));
#180=EDGE_LOOP('',(#1250,#1251,#1252,#1253));
#181=EDGE_LOOP('',(#1254,#1255,#1256,#1257));
#182=EDGE_LOOP('',(#1258,#1259,#1260,#1261));
#183=EDGE_LOOP('',(#1262,#1263,#1264,#1265));
#184=EDGE_LOOP('',(#1266,#1267,#1268,#1269));
#185=EDGE_LOOP('',(#1270,#1271,#1272,#1273));
#186=EDGE_LOOP('',(#1274,#1275,#1276,#1277));
#187=EDGE_LOOP('',(#1278,#1279,#1280,#1281));
#188=EDGE_LOOP('',(#1282,#1283,#1284,#1285,#1286,#1287));
#189=EDGE_LOOP('',(#1288,#1289,#1290,#1291,#1292,#1293,#1294,#1295,#1296,
#1297,#1298,#1299));
#190=EDGE_LOOP('',(#1300,#1301,#1302,#1303,#1304,#1305,#1306));
#191=EDGE_LOOP('',(#1307,#1308,#1309,#1310,#1311,#1312,#1313,#1314));
#192=EDGE_LOOP('',(#1315,#1316,#1317,#1318));
#193=EDGE_LOOP('',(#1319,#1320,#1321,#1322));
#194=EDGE_LOOP('',(#1323,#1324,#1325,#1326));
#195=EDGE_LOOP('',(#1327,#1328,#1329,#1330));
#196=EDGE_LOOP('',(#1331,#1332,#1333,#1334));
#197=EDGE_LOOP('',(#1335,#1336,#1337,#1338));
#198=EDGE_LOOP('',(#1339,#1340,#1341,#1342));
#199=EDGE_LOOP('',(#1343,#1344,#1345,#1346));
#200=EDGE_LOOP('',(#1347,#1348,#1349,#1350));
#201=EDGE_LOOP('',(#1351,#1352,#1353,#1354,#1355,#1356,#1357,#1358));
#202=EDGE_LOOP('',(#1359,#1360,#1361,#1362,#1363,#1364,#1365,#1366));
#203=LINE('',#1999,#403);
#204=LINE('',#2001,#404);
#205=LINE('',#2003,#405);
#206=LINE('',#2004,#406);
#207=LINE('',#2007,#407);
#208=LINE('',#2009,#408);
#209=LINE('',#2011,#409);
#210=LINE('',#2013,#410);
#211=LINE('',#2015,#411);
#212=LINE('',#2017,#412);
#213=LINE('',#2018,#413);
#214=LINE('',#2021,#414);
#215=LINE('',#2023,#415);
#216=LINE('',#2025,#416);
#217=LINE('',#2027,#417);
#218=LINE('',#2029,#418);
#219=LINE('',#2031,#419);
#220=LINE('',#2033,#420);
#221=LINE('',#2034,#421);
#222=LINE('',#2037,#422);
#223=LINE('',#2039,#423);
#224=LINE('',#2040,#424);
#225=LINE('',#2043,#425);
#226=LINE('',#2045,#426);
#227=LINE('',#2046,#427);
#228=LINE('',#2049,#428);
#229=LINE('',#2051,#429);
#230=LINE('',#2053,#430);
#231=LINE('',#2054,#431);
#232=LINE('',#2057,#432);
#233=LINE('',#2059,#433);
#234=LINE('',#2061,#434);
#235=LINE('',#2062,#435);
#236=LINE('',#2065,#436);
#237=LINE('',#2067,#437);
#238=LINE('',#2069,#438);
#239=LINE('',#2070,#439);
#240=LINE('',#2073,#440);
#241=LINE('',#2075,#441);
#242=LINE('',#2077,#442);
#243=LINE('',#2078,#443);
#244=LINE('',#2081,#444);
#245=LINE('',#2083,#445);
#246=LINE('',#2085,#446);
#247=LINE('',#2087,#447);
#248=LINE('',#2088,#448);
#249=LINE('',#2091,#449);
#250=LINE('',#2093,#450);
#251=LINE('',#2094,#451);
#252=LINE('',#2097,#452);
#253=LINE('',#2098,#453);
#254=LINE('',#2100,#454);
#255=LINE('',#2102,#455);
#256=LINE('',#2103,#456);
#257=LINE('',#2105,#457);
#258=LINE('',#2109,#458);
#259=LINE('',#2111,#459);
#260=LINE('',#2113,#460);
#261=LINE('',#2114,#461);
#262=LINE('',#2116,#462);
#263=LINE('',#2118,#463);
#264=LINE('',#2120,#464);
#265=LINE('',#2121,#465);
#266=LINE('',#2122,#466);
#267=LINE('',#2124,#467);
#268=LINE('',#2125,#468);
#269=LINE('',#2127,#469);
#270=LINE('',#2128,#470);
#271=LINE('',#2132,#471);
#272=LINE('',#2134,#472);
#273=LINE('',#2135,#473);
#274=LINE('',#2138,#474);
#275=LINE('',#2139,#475);
#276=LINE('',#2142,#476);
#277=LINE('',#2143,#477);
#278=LINE('',#2145,#478);
#279=LINE('',#2148,#479);
#280=LINE('',#2150,#480);
#281=LINE('',#2151,#481);
#282=LINE('',#2154,#482);
#283=LINE('',#2155,#483);
#284=LINE('',#2158,#484);
#285=LINE('',#2160,#485);
#286=LINE('',#2161,#486);
#287=LINE('',#2164,#487);
#288=LINE('',#2165,#488);
#289=LINE('',#2168,#489);
#290=LINE('',#2169,#490);
#291=LINE('',#2171,#491);
#292=LINE('',#2174,#492);
#293=LINE('',#2176,#493);
#294=LINE('',#2177,#494);
#295=LINE('',#2180,#495);
#296=LINE('',#2181,#496);
#297=LINE('',#2184,#497);
#298=LINE('',#2185,#498);
#299=LINE('',#2187,#499);
#300=LINE('',#2188,#500);
#301=LINE('',#2191,#501);
#302=LINE('',#2193,#502);
#303=LINE('',#2195,#503);
#304=LINE('',#2196,#504);
#305=LINE('',#2199,#505);
#306=LINE('',#2201,#506);
#307=LINE('',#2203,#507);
#308=LINE('',#2204,#508);
#309=LINE('',#2206,#509);
#310=LINE('',#2207,#510);
#311=LINE('',#2209,#511);
#312=LINE('',#2212,#512);
#313=LINE('',#2216,#513);
#314=LINE('',#2218,#514);
#315=LINE('',#2219,#515);
#316=LINE('',#2222,#516);
#317=LINE('',#2223,#517);
#318=LINE('',#2226,#518);
#319=LINE('',#2227,#519);
#320=LINE('',#2229,#520);
#321=LINE('',#2231,#521);
#322=LINE('',#2232,#522);
#323=LINE('',#2234,#523);
#324=LINE('',#2236,#524);
#325=LINE('',#2241,#525);
#326=LINE('',#2243,#526);
#327=LINE('',#2245,#527);
#328=LINE('',#2246,#528);
#329=LINE('',#2249,#529);
#330=LINE('',#2251,#530);
#331=LINE('',#2253,#531);
#332=LINE('',#2257,#532);
#333=LINE('',#2258,#533);
#334=LINE('',#2260,#534);
#335=LINE('',#2262,#535);
#336=LINE('',#2264,#536);
#337=LINE('',#2267,#537);
#338=LINE('',#2270,#538);
#339=LINE('',#2272,#539);
#340=LINE('',#2274,#540);
#341=LINE('',#2278,#541);
#342=LINE('',#2280,#542);
#343=LINE('',#2281,#543);
#344=LINE('',#2284,#544);
#345=LINE('',#2285,#545);
#346=LINE('',#2287,#546);
#347=LINE('',#2289,#547);
#348=LINE('',#2290,#548);
#349=LINE('',#2293,#549);
#350=LINE('',#2299,#550);
#351=LINE('',#2301,#551);
#352=LINE('',#2303,#552);
#353=LINE('',#2309,#553);
#354=LINE('',#2310,#554);
#355=LINE('',#2313,#555);
#356=LINE('',#2314,#556);
#357=LINE('',#2319,#557);
#358=LINE('',#2320,#558);
#359=LINE('',#2322,#559);
#360=LINE('',#2327,#560);
#361=LINE('',#2328,#561);
#362=LINE('',#2331,#562);
#363=LINE('',#2332,#563);
#364=LINE('',#2335,#564);
#365=LINE('',#2337,#565);
#366=LINE('',#2339,#566);
#367=LINE('',#2342,#567);
#368=LINE('',#2344,#568);
#369=LINE('',#2346,#569);
#370=LINE('',#2347,#570);
#371=LINE('',#2349,#571);
#372=LINE('',#2351,#572);
#373=LINE('',#2354,#573);
#374=LINE('',#2356,#574);
#375=LINE('',#2359,#575);
#376=LINE('',#2360,#576);
#377=LINE('',#2362,#577);
#378=LINE('',#2364,#578);
#379=LINE('',#2370,#579);
#380=LINE('',#2372,#580);
#381=LINE('',#2374,#581);
#382=LINE('',#2375,#582);
#383=LINE('',#2378,#583);
#384=LINE('',#2380,#584);
#385=LINE('',#2381,#585);
#386=LINE('',#2384,#586);
#387=LINE('',#2386,#587);
#388=LINE('',#2387,#588);
#389=LINE('',#2390,#589);
#390=LINE('',#2392,#590);
#391=LINE('',#2393,#591);
#392=LINE('',#2396,#592);
#393=LINE('',#2398,#593);
#394=LINE('',#2399,#594);
#395=LINE('',#2402,#595);
#396=LINE('',#2404,#596);
#397=LINE('',#2405,#597);
#398=LINE('',#2408,#598);
#399=LINE('',#2410,#599);
#400=LINE('',#2411,#600);
#401=LINE('',#2413,#601);
#402=LINE('',#2414,#602);
#403=VECTOR('',#1623,10.);
#404=VECTOR('',#1624,10.);
#405=VECTOR('',#1625,10.);
#406=VECTOR('',#1626,10.);
#407=VECTOR('',#1629,10.);
#408=VECTOR('',#1630,10.);
#409=VECTOR('',#1631,10.);
#410=VECTOR('',#1632,10.);
#411=VECTOR('',#1633,10.);
#412=VECTOR('',#1634,10.);
#413=VECTOR('',#1635,10.);
#414=VECTOR('',#1638,10.);
#415=VECTOR('',#1639,10.);
#416=VECTOR('',#1640,10.);
#417=VECTOR('',#1641,10.);
#418=VECTOR('',#1642,10.);
#419=VECTOR('',#1643,10.);
#420=VECTOR('',#1644,10.);
#421=VECTOR('',#1645,10.);
#422=VECTOR('',#1648,10.);
#423=VECTOR('',#1649,10.);
#424=VECTOR('',#1650,10.);
#425=VECTOR('',#1653,10.);
#426=VECTOR('',#1654,10.);
#427=VECTOR('',#1655,10.);
#428=VECTOR('',#1656,10.);
#429=VECTOR('',#1657,10.);
#430=VECTOR('',#1658,10.);
#431=VECTOR('',#1659,10.);
#432=VECTOR('',#1660,10.);
#433=VECTOR('',#1661,10.);
#434=VECTOR('',#1662,10.);
#435=VECTOR('',#1663,10.);
#436=VECTOR('',#1664,10.);
#437=VECTOR('',#1665,10.);
#438=VECTOR('',#1666,10.);
#439=VECTOR('',#1667,10.);
#440=VECTOR('',#1668,10.);
#441=VECTOR('',#1669,10.);
#442=VECTOR('',#1670,10.);
#443=VECTOR('',#1671,10.);
#444=VECTOR('',#1674,10.);
#445=VECTOR('',#1675,10.);
#446=VECTOR('',#1676,10.);
#447=VECTOR('',#1677,10.);
#448=VECTOR('',#1678,10.);
#449=VECTOR('',#1681,10.);
#450=VECTOR('',#1682,10.);
#451=VECTOR('',#1683,10.);
#452=VECTOR('',#1686,10.);
#453=VECTOR('',#1687,10.);
#454=VECTOR('',#1688,10.);
#455=VECTOR('',#1689,10.);
#456=VECTOR('',#1690,10.);
#457=VECTOR('',#1693,10.);
#458=VECTOR('',#1696,10.);
#459=VECTOR('',#1697,10.);
#460=VECTOR('',#1698,10.);
#461=VECTOR('',#1699,10.);
#462=VECTOR('',#1702,10.);
#463=VECTOR('',#1703,10.);
#464=VECTOR('',#1704,10.);
#465=VECTOR('',#1705,10.);
#466=VECTOR('',#1706,10.);
#467=VECTOR('',#1709,10.);
#468=VECTOR('',#1710,10.);
#469=VECTOR('',#1713,10.);
#470=VECTOR('',#1714,10.);
#471=VECTOR('',#1719,10.);
#472=VECTOR('',#1720,10.);
#473=VECTOR('',#1721,10.);
#474=VECTOR('',#1724,10.);
#475=VECTOR('',#1725,10.);
#476=VECTOR('',#1728,10.);
#477=VECTOR('',#1729,10.);
#478=VECTOR('',#1732,10.);
#479=VECTOR('',#1735,10.);
#480=VECTOR('',#1736,10.);
#481=VECTOR('',#1737,10.);
#482=VECTOR('',#1740,10.);
#483=VECTOR('',#1741,10.);
#484=VECTOR('',#1744,10.);
#485=VECTOR('',#1745,10.);
#486=VECTOR('',#1746,10.);
#487=VECTOR('',#1749,10.);
#488=VECTOR('',#1750,10.);
#489=VECTOR('',#1753,10.);
#490=VECTOR('',#1754,10.);
#491=VECTOR('',#1757,10.);
#492=VECTOR('',#1760,10.);
#493=VECTOR('',#1761,10.);
#494=VECTOR('',#1762,10.);
#495=VECTOR('',#1765,10.);
#496=VECTOR('',#1766,10.);
#497=VECTOR('',#1769,10.);
#498=VECTOR('',#1770,10.);
#499=VECTOR('',#1771,10.);
#500=VECTOR('',#1772,10.);
#501=VECTOR('',#1773,10.);
#502=VECTOR('',#1774,10.);
#503=VECTOR('',#1775,10.);
#504=VECTOR('',#1776,10.);
#505=VECTOR('',#1777,10.);
#506=VECTOR('',#1778,10.);
#507=VECTOR('',#1779,10.);
#508=VECTOR('',#1780,10.);
#509=VECTOR('',#1781,10.);
#510=VECTOR('',#1782,10.);
#511=VECTOR('',#1785,10.);
#512=VECTOR('',#1790,10.);
#513=VECTOR('',#1795,10.);
#514=VECTOR('',#1796,10.);
#515=VECTOR('',#1797,10.);
#516=VECTOR('',#1800,10.);
#517=VECTOR('',#1801,10.);
#518=VECTOR('',#1804,10.);
#519=VECTOR('',#1805,10.);
#520=VECTOR('',#1808,10.);
#521=VECTOR('',#1811,10.);
#522=VECTOR('',#1812,10.);
#523=VECTOR('',#1815,10.);
#524=VECTOR('',#1818,10.);
#525=VECTOR('',#1823,10.);
#526=VECTOR('',#1824,10.);
#527=VECTOR('',#1825,10.);
#528=VECTOR('',#1826,10.);
#529=VECTOR('',#1829,10.);
#530=VECTOR('',#1830,10.);
#531=VECTOR('',#1831,10.);
#532=VECTOR('',#1834,10.);
#533=VECTOR('',#1835,10.);
#534=VECTOR('',#1836,10.);
#535=VECTOR('',#1837,10.);
#536=VECTOR('',#1838,10.);
#537=VECTOR('',#1841,10.);
#538=VECTOR('',#1844,10.);
#539=VECTOR('',#1845,10.);
#540=VECTOR('',#1846,10.);
#541=VECTOR('',#1851,10.);
#542=VECTOR('',#1852,10.);
#543=VECTOR('',#1853,10.);
#544=VECTOR('',#1856,10.);
#545=VECTOR('',#1857,10.);
#546=VECTOR('',#1860,10.);
#547=VECTOR('',#1861,10.);
#548=VECTOR('',#1862,10.);
#549=VECTOR('',#1865,10.);
#550=VECTOR('',#1872,10.);
#551=VECTOR('',#1873,10.);
#552=VECTOR('',#1874,10.);
#553=VECTOR('',#1881,10.);
#554=VECTOR('',#1882,10.);
#555=VECTOR('',#1885,10.);
#556=VECTOR('',#1886,10.);
#557=VECTOR('',#1891,10.);
#558=VECTOR('',#1892,10.);
#559=VECTOR('',#1895,10.);
#560=VECTOR('',#1900,10.);
#561=VECTOR('',#1901,10.);
#562=VECTOR('',#1904,10.);
#563=VECTOR('',#1905,10.);
#564=VECTOR('',#1908,10.);
#565=VECTOR('',#1909,10.);
#566=VECTOR('',#1910,10.);
#567=VECTOR('',#1915,10.);
#568=VECTOR('',#1918,10.);
#569=VECTOR('',#1921,10.);
#570=VECTOR('',#1922,10.);
#571=VECTOR('',#1925,10.);
#572=VECTOR('',#1928,10.);
#573=VECTOR('',#1933,10.);
#574=VECTOR('',#1936,10.);
#575=VECTOR('',#1939,10.);
#576=VECTOR('',#1940,10.);
#577=VECTOR('',#1943,10.);
#578=VECTOR('',#1946,10.);
#579=VECTOR('',#1953,10.);
#580=VECTOR('',#1954,10.);
#581=VECTOR('',#1955,10.);
#582=VECTOR('',#1956,10.);
#583=VECTOR('',#1959,10.);
#584=VECTOR('',#1960,10.);
#585=VECTOR('',#1961,10.);
#586=VECTOR('',#1964,10.);
#587=VECTOR('',#1965,10.);
#588=VECTOR('',#1966,10.);
#589=VECTOR('',#1969,10.);
#590=VECTOR('',#1970,10.);
#591=VECTOR('',#1971,10.);
#592=VECTOR('',#1974,10.);
#593=VECTOR('',#1975,10.);
#594=VECTOR('',#1976,10.);
#595=VECTOR('',#1979,10.);
#596=VECTOR('',#1980,10.);
#597=VECTOR('',#1981,10.);
#598=VECTOR('',#1984,10.);
#599=VECTOR('',#1985,10.);
#600=VECTOR('',#1986,10.);
#601=VECTOR('',#1989,10.);
#602=VECTOR('',#1990,10.);
#603=VERTEX_POINT('',#1997);
#604=VERTEX_POINT('',#1998);
#605=VERTEX_POINT('',#2000);
#606=VERTEX_POINT('',#2002);
#607=VERTEX_POINT('',#2006);
#608=VERTEX_POINT('',#2008);
#609=VERTEX_POINT('',#2010);
#610=VERTEX_POINT('',#2012);
#611=VERTEX_POINT('',#2014);
#612=VERTEX_POINT('',#2016);
#613=VERTEX_POINT('',#2020);
#614=VERTEX_POINT('',#2022);
#615=VERTEX_POINT('',#2024);
#616=VERTEX_POINT('',#2026);
#617=VERTEX_POINT('',#2028);
#618=VERTEX_POINT('',#2030);
#619=VERTEX_POINT('',#2032);
#620=VERTEX_POINT('',#2036);
#621=VERTEX_POINT('',#2038);
#622=VERTEX_POINT('',#2042);
#623=VERTEX_POINT('',#2044);
#624=VERTEX_POINT('',#2047);
#625=VERTEX_POINT('',#2048);
#626=VERTEX_POINT('',#2050);
#627=VERTEX_POINT('',#2052);
#628=VERTEX_POINT('',#2055);
#629=VERTEX_POINT('',#2056);
#630=VERTEX_POINT('',#2058);
#631=VERTEX_POINT('',#2060);
#632=VERTEX_POINT('',#2063);
#633=VERTEX_POINT('',#2064);
#634=VERTEX_POINT('',#2066);
#635=VERTEX_POINT('',#2068);
#636=VERTEX_POINT('',#2071);
#637=VERTEX_POINT('',#2072);
#638=VERTEX_POINT('',#2074);
#639=VERTEX_POINT('',#2076);
#640=VERTEX_POINT('',#2080);
#641=VERTEX_POINT('',#2082);
#642=VERTEX_POINT('',#2084);
#643=VERTEX_POINT('',#2086);
#644=VERTEX_POINT('',#2090);
#645=VERTEX_POINT('',#2092);
#646=VERTEX_POINT('',#2096);
#647=VERTEX_POINT('',#2099);
#648=VERTEX_POINT('',#2101);
#649=VERTEX_POINT('',#2107);
#650=VERTEX_POINT('',#2108);
#651=VERTEX_POINT('',#2110);
#652=VERTEX_POINT('',#2112);
#653=VERTEX_POINT('',#2117);
#654=VERTEX_POINT('',#2119);
#655=VERTEX_POINT('',#2131);
#656=VERTEX_POINT('',#2133);
#657=VERTEX_POINT('',#2137);
#658=VERTEX_POINT('',#2141);
#659=VERTEX_POINT('',#2147);
#660=VERTEX_POINT('',#2149);
#661=VERTEX_POINT('',#2153);
#662=VERTEX_POINT('',#2157);
#663=VERTEX_POINT('',#2159);
#664=VERTEX_POINT('',#2163);
#665=VERTEX_POINT('',#2167);
#666=VERTEX_POINT('',#2173);
#667=VERTEX_POINT('',#2175);
#668=VERTEX_POINT('',#2179);
#669=VERTEX_POINT('',#2183);
#670=VERTEX_POINT('',#2186);
#671=VERTEX_POINT('',#2189);
#672=VERTEX_POINT('',#2190);
#673=VERTEX_POINT('',#2192);
#674=VERTEX_POINT('',#2194);
#675=VERTEX_POINT('',#2197);
#676=VERTEX_POINT('',#2198);
#677=VERTEX_POINT('',#2200);
#678=VERTEX_POINT('',#2202);
#679=VERTEX_POINT('',#2205);
#680=VERTEX_POINT('',#2215);
#681=VERTEX_POINT('',#2217);
#682=VERTEX_POINT('',#2221);
#683=VERTEX_POINT('',#2225);
#684=VERTEX_POINT('',#2239);
#685=VERTEX_POINT('',#2240);
#686=VERTEX_POINT('',#2242);
#687=VERTEX_POINT('',#2244);
#688=VERTEX_POINT('',#2248);
#689=VERTEX_POINT('',#2250);
#690=VERTEX_POINT('',#2252);
#691=VERTEX_POINT('',#2254);
#692=VERTEX_POINT('',#2256);
#693=VERTEX_POINT('',#2259);
#694=VERTEX_POINT('',#2261);
#695=VERTEX_POINT('',#2263);
#696=VERTEX_POINT('',#2265);
#697=VERTEX_POINT('',#2269);
#698=VERTEX_POINT('',#2271);
#699=VERTEX_POINT('',#2273);
#700=VERTEX_POINT('',#2277);
#701=VERTEX_POINT('',#2279);
#702=VERTEX_POINT('',#2283);
#703=VERTEX_POINT('',#2288);
#704=VERTEX_POINT('',#2292);
#705=VERTEX_POINT('',#2296);
#706=VERTEX_POINT('',#2298);
#707=VERTEX_POINT('',#2300);
#708=VERTEX_POINT('',#2302);
#709=VERTEX_POINT('',#2306);
#710=VERTEX_POINT('',#2307);
#711=VERTEX_POINT('',#2312);
#712=VERTEX_POINT('',#2316);
#713=VERTEX_POINT('',#2317);
#714=VERTEX_POINT('',#2324);
#715=VERTEX_POINT('',#2325);
#716=VERTEX_POINT('',#2330);
#717=VERTEX_POINT('',#2334);
#718=VERTEX_POINT('',#2336);
#719=VERTEX_POINT('',#2338);
#720=VERTEX_POINT('',#2358);
#721=VERTEX_POINT('',#2368);
#722=VERTEX_POINT('',#2369);
#723=VERTEX_POINT('',#2371);
#724=VERTEX_POINT('',#2373);
#725=VERTEX_POINT('',#2377);
#726=VERTEX_POINT('',#2379);
#727=VERTEX_POINT('',#2383);
#728=VERTEX_POINT('',#2385);
#729=VERTEX_POINT('',#2389);
#730=VERTEX_POINT('',#2391);
#731=VERTEX_POINT('',#2395);
#732=VERTEX_POINT('',#2397);
#733=VERTEX_POINT('',#2401);
#734=VERTEX_POINT('',#2403);
#735=VERTEX_POINT('',#2407);
#736=VERTEX_POINT('',#2409);
#737=EDGE_CURVE('',#603,#604,#203,.T.);
#738=EDGE_CURVE('',#604,#605,#204,.T.);
#739=EDGE_CURVE('',#605,#606,#205,.T.);
#740=EDGE_CURVE('',#606,#603,#206,.T.);
#741=EDGE_CURVE('',#604,#607,#207,.T.);
#742=EDGE_CURVE('',#607,#608,#208,.T.);
#743=EDGE_CURVE('',#609,#608,#209,.T.);
#744=EDGE_CURVE('',#610,#609,#210,.T.);
#745=EDGE_CURVE('',#610,#611,#211,.T.);
#746=EDGE_CURVE('',#612,#611,#212,.T.);
#747=EDGE_CURVE('',#605,#612,#213,.T.);
#748=EDGE_CURVE('',#613,#603,#214,.T.);
#749=EDGE_CURVE('',#614,#613,#215,.T.);
#750=EDGE_CURVE('',#614,#615,#216,.T.);
#751=EDGE_CURVE('',#615,#616,#217,.T.);
#752=EDGE_CURVE('',#616,#617,#218,.T.);
#753=EDGE_CURVE('',#617,#618,#219,.T.);
#754=EDGE_CURVE('',#618,#619,#220,.T.);
#755=EDGE_CURVE('',#619,#607,#221,.T.);
#756=EDGE_CURVE('',#611,#620,#222,.T.);
#757=EDGE_CURVE('',#620,#621,#223,.T.);
#758=EDGE_CURVE('',#621,#612,#224,.T.);
#759=EDGE_CURVE('',#620,#622,#225,.T.);
#760=EDGE_CURVE('',#623,#622,#226,.T.);
#761=EDGE_CURVE('',#623,#621,#227,.T.);
#762=EDGE_CURVE('',#624,#625,#228,.T.);
#763=EDGE_CURVE('',#626,#624,#229,.T.);
#764=EDGE_CURVE('',#627,#626,#230,.T.);
#765=EDGE_CURVE('',#625,#627,#231,.T.);
#766=EDGE_CURVE('',#628,#629,#232,.T.);
#767=EDGE_CURVE('',#630,#628,#233,.T.);
#768=EDGE_CURVE('',#631,#630,#234,.T.);
#769=EDGE_CURVE('',#629,#631,#235,.T.);
#770=EDGE_CURVE('',#632,#633,#236,.T.);
#771=EDGE_CURVE('',#633,#634,#237,.T.);
#772=EDGE_CURVE('',#634,#635,#238,.T.);
#773=EDGE_CURVE('',#635,#632,#239,.T.);
#774=EDGE_CURVE('',#636,#637,#240,.T.);
#775=EDGE_CURVE('',#638,#636,#241,.T.);
#776=EDGE_CURVE('',#639,#638,#242,.T.);
#777=EDGE_CURVE('',#637,#639,#243,.T.);
#778=EDGE_CURVE('',#610,#640,#244,.T.);
#779=EDGE_CURVE('',#640,#641,#245,.T.);
#780=EDGE_CURVE('',#641,#642,#246,.T.);
#781=EDGE_CURVE('',#642,#643,#247,.T.);
#782=EDGE_CURVE('',#622,#643,#248,.T.);
#783=EDGE_CURVE('',#613,#644,#249,.T.);
#784=EDGE_CURVE('',#644,#645,#250,.T.);
#785=EDGE_CURVE('',#645,#614,#251,.T.);
#786=EDGE_CURVE('',#646,#645,#252,.T.);
#787=EDGE_CURVE('',#643,#646,#253,.T.);
#788=EDGE_CURVE('',#642,#647,#254,.T.);
#789=EDGE_CURVE('',#648,#647,#255,.T.);
#790=EDGE_CURVE('',#615,#648,#256,.T.);
#791=EDGE_CURVE('',#646,#623,#257,.T.);
#792=EDGE_CURVE('',#649,#650,#258,.T.);
#793=EDGE_CURVE('',#649,#651,#259,.T.);
#794=EDGE_CURVE('',#652,#651,#260,.T.);
#795=EDGE_CURVE('',#650,#652,#261,.T.);
#796=EDGE_CURVE('',#641,#651,#262,.T.);
#797=EDGE_CURVE('',#641,#653,#263,.T.);
#798=EDGE_CURVE('',#653,#654,#264,.T.);
#799=EDGE_CURVE('',#654,#617,#265,.T.);
#800=EDGE_CURVE('',#616,#652,#266,.T.);
#801=EDGE_CURVE('',#619,#650,#267,.T.);
#802=EDGE_CURVE('',#608,#648,#268,.T.);
#803=EDGE_CURVE('',#647,#609,#269,.T.);
#804=EDGE_CURVE('',#640,#649,#270,.T.);
#805=EDGE_CURVE('',#625,#655,#271,.T.);
#806=EDGE_CURVE('',#655,#656,#272,.T.);
#807=EDGE_CURVE('',#624,#656,#273,.T.);
#808=EDGE_CURVE('',#627,#657,#274,.T.);
#809=EDGE_CURVE('',#657,#655,#275,.T.);
#810=EDGE_CURVE('',#626,#658,#276,.T.);
#811=EDGE_CURVE('',#658,#657,#277,.T.);
#812=EDGE_CURVE('',#656,#658,#278,.T.);
#813=EDGE_CURVE('',#659,#656,#279,.T.);
#814=EDGE_CURVE('',#659,#660,#280,.T.);
#815=EDGE_CURVE('',#660,#658,#281,.T.);
#816=EDGE_CURVE('',#661,#655,#282,.T.);
#817=EDGE_CURVE('',#659,#661,#283,.T.);
#818=EDGE_CURVE('',#637,#662,#284,.T.);
#819=EDGE_CURVE('',#662,#663,#285,.T.);
#820=EDGE_CURVE('',#636,#663,#286,.T.);
#821=EDGE_CURVE('',#639,#664,#287,.T.);
#822=EDGE_CURVE('',#664,#662,#288,.T.);
#823=EDGE_CURVE('',#638,#665,#289,.T.);
#824=EDGE_CURVE('',#665,#664,#290,.T.);
#825=EDGE_CURVE('',#663,#665,#291,.T.);
#826=EDGE_CURVE('',#666,#663,#292,.T.);
#827=EDGE_CURVE('',#667,#666,#293,.T.);
#828=EDGE_CURVE('',#667,#665,#294,.T.);
#829=EDGE_CURVE('',#668,#662,#295,.T.);
#830=EDGE_CURVE('',#668,#666,#296,.T.);
#831=EDGE_CURVE('',#669,#640,#297,.T.);
#832=EDGE_CURVE('',#653,#669,#298,.T.);
#833=EDGE_CURVE('',#668,#670,#299,.T.);
#834=EDGE_CURVE('',#667,#670,#300,.T.);
#835=EDGE_CURVE('',#671,#672,#301,.T.);
#836=EDGE_CURVE('',#673,#671,#302,.T.);
#837=EDGE_CURVE('',#674,#673,#303,.T.);
#838=EDGE_CURVE('',#672,#674,#304,.T.);
#839=EDGE_CURVE('',#675,#676,#305,.T.);
#840=EDGE_CURVE('',#675,#677,#306,.T.);
#841=EDGE_CURVE('',#678,#677,#307,.T.);
#842=EDGE_CURVE('',#678,#676,#308,.T.);
#843=EDGE_CURVE('',#679,#660,#309,.T.);
#844=EDGE_CURVE('',#679,#661,#310,.T.);
#845=EDGE_CURVE('',#679,#657,#311,.T.);
#846=EDGE_CURVE('',#670,#664,#312,.T.);
#847=EDGE_CURVE('',#629,#680,#313,.T.);
#848=EDGE_CURVE('',#680,#681,#314,.T.);
#849=EDGE_CURVE('',#628,#681,#315,.T.);
#850=EDGE_CURVE('',#631,#682,#316,.T.);
#851=EDGE_CURVE('',#682,#680,#317,.T.);
#852=EDGE_CURVE('',#630,#683,#318,.T.);
#853=EDGE_CURVE('',#683,#682,#319,.T.);
#854=EDGE_CURVE('',#681,#683,#320,.T.);
#855=EDGE_CURVE('',#676,#681,#321,.T.);
#856=EDGE_CURVE('',#678,#683,#322,.T.);
#857=EDGE_CURVE('',#675,#680,#323,.T.);
#858=EDGE_CURVE('',#677,#682,#324,.T.);
#859=EDGE_CURVE('',#684,#685,#325,.T.);
#860=EDGE_CURVE('',#686,#684,#326,.T.);
#861=EDGE_CURVE('',#687,#686,#327,.T.);
#862=EDGE_CURVE('',#685,#687,#328,.T.);
#863=EDGE_CURVE('',#688,#687,#329,.T.);
#864=EDGE_CURVE('',#686,#689,#330,.T.);
#865=EDGE_CURVE('',#689,#690,#331,.T.);
#866=EDGE_CURVE('',#691,#690,#21,.F.);
#867=EDGE_CURVE('',#691,#692,#332,.T.);
#868=EDGE_CURVE('',#654,#692,#333,.F.);
#869=EDGE_CURVE('',#693,#669,#334,.T.);
#870=EDGE_CURVE('',#694,#693,#335,.F.);
#871=EDGE_CURVE('',#694,#695,#336,.T.);
#872=EDGE_CURVE('',#696,#695,#22,.F.);
#873=EDGE_CURVE('',#696,#688,#337,.T.);
#874=EDGE_CURVE('',#697,#689,#338,.T.);
#875=EDGE_CURVE('',#698,#689,#339,.T.);
#876=EDGE_CURVE('',#699,#698,#340,.T.);
#877=EDGE_CURVE('',#697,#699,#23,.F.);
#878=EDGE_CURVE('',#685,#700,#341,.T.);
#879=EDGE_CURVE('',#688,#701,#342,.T.);
#880=EDGE_CURVE('',#700,#701,#343,.T.);
#881=EDGE_CURVE('',#702,#684,#344,.T.);
#882=EDGE_CURVE('',#702,#698,#345,.T.);
#883=EDGE_CURVE('',#700,#702,#346,.T.);
#884=EDGE_CURVE('',#701,#703,#347,.T.);
#885=EDGE_CURVE('',#699,#703,#348,.T.);
#886=EDGE_CURVE('',#688,#704,#349,.T.);
#887=EDGE_CURVE('',#703,#704,#24,.F.);
#888=EDGE_CURVE('',#705,#703,#25,.F.);
#889=EDGE_CURVE('',#705,#706,#350,.T.);
#890=EDGE_CURVE('',#707,#706,#351,.F.);
#891=EDGE_CURVE('',#707,#708,#352,.T.);
#892=EDGE_CURVE('',#699,#708,#26,.F.);
#893=EDGE_CURVE('',#709,#710,#27,.T.);
#894=EDGE_CURVE('',#710,#696,#353,.T.);
#895=EDGE_CURVE('',#695,#709,#354,.T.);
#896=EDGE_CURVE('',#711,#694,#355,.T.);
#897=EDGE_CURVE('',#711,#709,#356,.T.);
#898=EDGE_CURVE('',#712,#713,#28,.T.);
#899=EDGE_CURVE('',#713,#705,#357,.T.);
#900=EDGE_CURVE('',#704,#712,#358,.T.);
#901=EDGE_CURVE('',#710,#712,#359,.T.);
#902=EDGE_CURVE('',#714,#715,#29,.T.);
#903=EDGE_CURVE('',#715,#697,#360,.T.);
#904=EDGE_CURVE('',#708,#714,#361,.T.);
#905=EDGE_CURVE('',#715,#716,#362,.T.);
#906=EDGE_CURVE('',#690,#716,#363,.T.);
#907=EDGE_CURVE('',#717,#714,#364,.T.);
#908=EDGE_CURVE('',#718,#717,#365,.T.);
#909=EDGE_CURVE('',#718,#719,#366,.T.);
#910=EDGE_CURVE('',#716,#719,#30,.T.);
#911=EDGE_CURVE('',#719,#691,#367,.T.);
#912=EDGE_CURVE('',#692,#718,#368,.T.);
#913=EDGE_CURVE('',#634,#674,#369,.T.);
#914=EDGE_CURVE('',#672,#633,#370,.T.);
#915=EDGE_CURVE('',#635,#673,#371,.T.);
#916=EDGE_CURVE('',#632,#671,#372,.T.);
#917=EDGE_CURVE('',#644,#606,#373,.T.);
#918=EDGE_CURVE('',#717,#707,#374,.T.);
#919=EDGE_CURVE('',#720,#713,#375,.T.);
#920=EDGE_CURVE('',#706,#720,#376,.T.);
#921=EDGE_CURVE('',#720,#711,#377,.T.);
#922=EDGE_CURVE('',#618,#693,#378,.T.);
#923=EDGE_CURVE('',#721,#722,#379,.T.);
#924=EDGE_CURVE('',#721,#723,#380,.T.);
#925=EDGE_CURVE('',#724,#723,#381,.T.);
#926=EDGE_CURVE('',#722,#724,#382,.T.);
#927=EDGE_CURVE('',#722,#725,#383,.T.);
#928=EDGE_CURVE('',#726,#724,#384,.T.);
#929=EDGE_CURVE('',#725,#726,#385,.T.);
#930=EDGE_CURVE('',#725,#727,#386,.T.);
#931=EDGE_CURVE('',#728,#726,#387,.T.);
#932=EDGE_CURVE('',#727,#728,#388,.T.);
#933=EDGE_CURVE('',#727,#729,#389,.T.);
#934=EDGE_CURVE('',#730,#728,#390,.T.);
#935=EDGE_CURVE('',#729,#730,#391,.T.);
#936=EDGE_CURVE('',#729,#731,#392,.T.);
#937=EDGE_CURVE('',#732,#730,#393,.T.);
#938=EDGE_CURVE('',#731,#732,#394,.T.);
#939=EDGE_CURVE('',#731,#733,#395,.T.);
#940=EDGE_CURVE('',#734,#732,#396,.T.);
#941=EDGE_CURVE('',#733,#734,#397,.T.);
#942=EDGE_CURVE('',#733,#735,#398,.T.);
#943=EDGE_CURVE('',#736,#734,#399,.T.);
#944=EDGE_CURVE('',#735,#736,#400,.T.);
#945=EDGE_CURVE('',#721,#735,#401,.T.);
#946=EDGE_CURVE('',#723,#736,#402,.T.);
#947=ORIENTED_EDGE('',*,*,#737,.T.);
#948=ORIENTED_EDGE('',*,*,#738,.T.);
#949=ORIENTED_EDGE('',*,*,#739,.T.);
#950=ORIENTED_EDGE('',*,*,#740,.T.);
#951=ORIENTED_EDGE('',*,*,#738,.F.);
#952=ORIENTED_EDGE('',*,*,#741,.T.);
#953=ORIENTED_EDGE('',*,*,#742,.T.);
#954=ORIENTED_EDGE('',*,*,#743,.F.);
#955=ORIENTED_EDGE('',*,*,#744,.F.);
#956=ORIENTED_EDGE('',*,*,#745,.T.);
#957=ORIENTED_EDGE('',*,*,#746,.F.);
#958=ORIENTED_EDGE('',*,*,#747,.F.);
#959=ORIENTED_EDGE('',*,*,#737,.F.);
#960=ORIENTED_EDGE('',*,*,#748,.F.);
#961=ORIENTED_EDGE('',*,*,#749,.F.);
#962=ORIENTED_EDGE('',*,*,#750,.T.);
#963=ORIENTED_EDGE('',*,*,#751,.T.);
#964=ORIENTED_EDGE('',*,*,#752,.T.);
#965=ORIENTED_EDGE('',*,*,#753,.T.);
#966=ORIENTED_EDGE('',*,*,#754,.T.);
#967=ORIENTED_EDGE('',*,*,#755,.T.);
#968=ORIENTED_EDGE('',*,*,#741,.F.);
#969=ORIENTED_EDGE('',*,*,#756,.T.);
#970=ORIENTED_EDGE('',*,*,#757,.T.);
#971=ORIENTED_EDGE('',*,*,#758,.T.);
#972=ORIENTED_EDGE('',*,*,#746,.T.);
#973=ORIENTED_EDGE('',*,*,#757,.F.);
#974=ORIENTED_EDGE('',*,*,#759,.T.);
#975=ORIENTED_EDGE('',*,*,#760,.F.);
#976=ORIENTED_EDGE('',*,*,#761,.T.);
#977=ORIENTED_EDGE('',*,*,#762,.F.);
#978=ORIENTED_EDGE('',*,*,#763,.F.);
#979=ORIENTED_EDGE('',*,*,#764,.F.);
#980=ORIENTED_EDGE('',*,*,#765,.F.);
#981=ORIENTED_EDGE('',*,*,#766,.F.);
#982=ORIENTED_EDGE('',*,*,#767,.F.);
#983=ORIENTED_EDGE('',*,*,#768,.F.);
#984=ORIENTED_EDGE('',*,*,#769,.F.);
#985=ORIENTED_EDGE('',*,*,#770,.T.);
#986=ORIENTED_EDGE('',*,*,#771,.T.);
#987=ORIENTED_EDGE('',*,*,#772,.T.);
#988=ORIENTED_EDGE('',*,*,#773,.T.);
#989=ORIENTED_EDGE('',*,*,#774,.F.);
#990=ORIENTED_EDGE('',*,*,#775,.F.);
#991=ORIENTED_EDGE('',*,*,#776,.F.);
#992=ORIENTED_EDGE('',*,*,#777,.F.);
#993=ORIENTED_EDGE('',*,*,#756,.F.);
#994=ORIENTED_EDGE('',*,*,#745,.F.);
#995=ORIENTED_EDGE('',*,*,#778,.T.);
#996=ORIENTED_EDGE('',*,*,#779,.T.);
#997=ORIENTED_EDGE('',*,*,#780,.T.);
#998=ORIENTED_EDGE('',*,*,#781,.T.);
#999=ORIENTED_EDGE('',*,*,#782,.F.);
#1000=ORIENTED_EDGE('',*,*,#759,.F.);
#1001=ORIENTED_EDGE('',*,*,#749,.T.);
#1002=ORIENTED_EDGE('',*,*,#783,.T.);
#1003=ORIENTED_EDGE('',*,*,#784,.T.);
#1004=ORIENTED_EDGE('',*,*,#785,.T.);
#1005=ORIENTED_EDGE('',*,*,#785,.F.);
#1006=ORIENTED_EDGE('',*,*,#786,.F.);
#1007=ORIENTED_EDGE('',*,*,#787,.F.);
#1008=ORIENTED_EDGE('',*,*,#781,.F.);
#1009=ORIENTED_EDGE('',*,*,#788,.T.);
#1010=ORIENTED_EDGE('',*,*,#789,.F.);
#1011=ORIENTED_EDGE('',*,*,#790,.F.);
#1012=ORIENTED_EDGE('',*,*,#750,.F.);
#1013=ORIENTED_EDGE('',*,*,#791,.T.);
#1014=ORIENTED_EDGE('',*,*,#760,.T.);
#1015=ORIENTED_EDGE('',*,*,#782,.T.);
#1016=ORIENTED_EDGE('',*,*,#787,.T.);
#1017=ORIENTED_EDGE('',*,*,#792,.F.);
#1018=ORIENTED_EDGE('',*,*,#793,.T.);
#1019=ORIENTED_EDGE('',*,*,#794,.F.);
#1020=ORIENTED_EDGE('',*,*,#795,.F.);
#1021=ORIENTED_EDGE('',*,*,#794,.T.);
#1022=ORIENTED_EDGE('',*,*,#796,.F.);
#1023=ORIENTED_EDGE('',*,*,#797,.T.);
#1024=ORIENTED_EDGE('',*,*,#798,.T.);
#1025=ORIENTED_EDGE('',*,*,#799,.T.);
#1026=ORIENTED_EDGE('',*,*,#752,.F.);
#1027=ORIENTED_EDGE('',*,*,#800,.T.);
#1028=ORIENTED_EDGE('',*,*,#755,.F.);
#1029=ORIENTED_EDGE('',*,*,#801,.T.);
#1030=ORIENTED_EDGE('',*,*,#795,.T.);
#1031=ORIENTED_EDGE('',*,*,#800,.F.);
#1032=ORIENTED_EDGE('',*,*,#751,.F.);
#1033=ORIENTED_EDGE('',*,*,#790,.T.);
#1034=ORIENTED_EDGE('',*,*,#802,.F.);
#1035=ORIENTED_EDGE('',*,*,#742,.F.);
#1036=ORIENTED_EDGE('',*,*,#778,.F.);
#1037=ORIENTED_EDGE('',*,*,#744,.T.);
#1038=ORIENTED_EDGE('',*,*,#803,.F.);
#1039=ORIENTED_EDGE('',*,*,#788,.F.);
#1040=ORIENTED_EDGE('',*,*,#780,.F.);
#1041=ORIENTED_EDGE('',*,*,#796,.T.);
#1042=ORIENTED_EDGE('',*,*,#793,.F.);
#1043=ORIENTED_EDGE('',*,*,#804,.F.);
#1044=ORIENTED_EDGE('',*,*,#803,.T.);
#1045=ORIENTED_EDGE('',*,*,#743,.T.);
#1046=ORIENTED_EDGE('',*,*,#802,.T.);
#1047=ORIENTED_EDGE('',*,*,#789,.T.);
#1048=ORIENTED_EDGE('',*,*,#762,.T.);
#1049=ORIENTED_EDGE('',*,*,#805,.T.);
#1050=ORIENTED_EDGE('',*,*,#806,.T.);
#1051=ORIENTED_EDGE('',*,*,#807,.F.);
#1052=ORIENTED_EDGE('',*,*,#765,.T.);
#1053=ORIENTED_EDGE('',*,*,#808,.T.);
#1054=ORIENTED_EDGE('',*,*,#809,.T.);
#1055=ORIENTED_EDGE('',*,*,#805,.F.);
#1056=ORIENTED_EDGE('',*,*,#764,.T.);
#1057=ORIENTED_EDGE('',*,*,#810,.T.);
#1058=ORIENTED_EDGE('',*,*,#811,.T.);
#1059=ORIENTED_EDGE('',*,*,#808,.F.);
#1060=ORIENTED_EDGE('',*,*,#812,.T.);
#1061=ORIENTED_EDGE('',*,*,#810,.F.);
#1062=ORIENTED_EDGE('',*,*,#763,.T.);
#1063=ORIENTED_EDGE('',*,*,#807,.T.);
#1064=ORIENTED_EDGE('',*,*,#812,.F.);
#1065=ORIENTED_EDGE('',*,*,#813,.F.);
#1066=ORIENTED_EDGE('',*,*,#814,.T.);
#1067=ORIENTED_EDGE('',*,*,#815,.T.);
#1068=ORIENTED_EDGE('',*,*,#806,.F.);
#1069=ORIENTED_EDGE('',*,*,#816,.F.);
#1070=ORIENTED_EDGE('',*,*,#817,.F.);
#1071=ORIENTED_EDGE('',*,*,#813,.T.);
#1072=ORIENTED_EDGE('',*,*,#774,.T.);
#1073=ORIENTED_EDGE('',*,*,#818,.T.);
#1074=ORIENTED_EDGE('',*,*,#819,.T.);
#1075=ORIENTED_EDGE('',*,*,#820,.F.);
#1076=ORIENTED_EDGE('',*,*,#777,.T.);
#1077=ORIENTED_EDGE('',*,*,#821,.T.);
#1078=ORIENTED_EDGE('',*,*,#822,.T.);
#1079=ORIENTED_EDGE('',*,*,#818,.F.);
#1080=ORIENTED_EDGE('',*,*,#776,.T.);
#1081=ORIENTED_EDGE('',*,*,#823,.T.);
#1082=ORIENTED_EDGE('',*,*,#824,.T.);
#1083=ORIENTED_EDGE('',*,*,#821,.F.);
#1084=ORIENTED_EDGE('',*,*,#825,.T.);
#1085=ORIENTED_EDGE('',*,*,#823,.F.);
#1086=ORIENTED_EDGE('',*,*,#775,.T.);
#1087=ORIENTED_EDGE('',*,*,#820,.T.);
#1088=ORIENTED_EDGE('',*,*,#825,.F.);
#1089=ORIENTED_EDGE('',*,*,#826,.F.);
#1090=ORIENTED_EDGE('',*,*,#827,.F.);
#1091=ORIENTED_EDGE('',*,*,#828,.T.);
#1092=ORIENTED_EDGE('',*,*,#819,.F.);
#1093=ORIENTED_EDGE('',*,*,#829,.F.);
#1094=ORIENTED_EDGE('',*,*,#830,.T.);
#1095=ORIENTED_EDGE('',*,*,#826,.T.);
#1096=ORIENTED_EDGE('',*,*,#797,.F.);
#1097=ORIENTED_EDGE('',*,*,#779,.F.);
#1098=ORIENTED_EDGE('',*,*,#831,.F.);
#1099=ORIENTED_EDGE('',*,*,#832,.F.);
#1100=ORIENTED_EDGE('',*,*,#830,.F.);
#1101=ORIENTED_EDGE('',*,*,#833,.T.);
#1102=ORIENTED_EDGE('',*,*,#834,.F.);
#1103=ORIENTED_EDGE('',*,*,#827,.T.);
#1104=ORIENTED_EDGE('',*,*,#835,.F.);
#1105=ORIENTED_EDGE('',*,*,#836,.F.);
#1106=ORIENTED_EDGE('',*,*,#837,.F.);
#1107=ORIENTED_EDGE('',*,*,#838,.F.);
#1108=ORIENTED_EDGE('',*,*,#839,.F.);
#1109=ORIENTED_EDGE('',*,*,#840,.T.);
#1110=ORIENTED_EDGE('',*,*,#841,.F.);
#1111=ORIENTED_EDGE('',*,*,#842,.T.);
#1112=ORIENTED_EDGE('',*,*,#843,.T.);
#1113=ORIENTED_EDGE('',*,*,#814,.F.);
#1114=ORIENTED_EDGE('',*,*,#817,.T.);
#1115=ORIENTED_EDGE('',*,*,#844,.F.);
#1116=ORIENTED_EDGE('',*,*,#809,.F.);
#1117=ORIENTED_EDGE('',*,*,#845,.F.);
#1118=ORIENTED_EDGE('',*,*,#844,.T.);
#1119=ORIENTED_EDGE('',*,*,#816,.T.);
#1120=ORIENTED_EDGE('',*,*,#811,.F.);
#1121=ORIENTED_EDGE('',*,*,#815,.F.);
#1122=ORIENTED_EDGE('',*,*,#843,.F.);
#1123=ORIENTED_EDGE('',*,*,#845,.T.);
#1124=ORIENTED_EDGE('',*,*,#824,.F.);
#1125=ORIENTED_EDGE('',*,*,#828,.F.);
#1126=ORIENTED_EDGE('',*,*,#834,.T.);
#1127=ORIENTED_EDGE('',*,*,#846,.T.);
#1128=ORIENTED_EDGE('',*,*,#822,.F.);
#1129=ORIENTED_EDGE('',*,*,#846,.F.);
#1130=ORIENTED_EDGE('',*,*,#833,.F.);
#1131=ORIENTED_EDGE('',*,*,#829,.T.);
#1132=ORIENTED_EDGE('',*,*,#766,.T.);
#1133=ORIENTED_EDGE('',*,*,#847,.T.);
#1134=ORIENTED_EDGE('',*,*,#848,.T.);
#1135=ORIENTED_EDGE('',*,*,#849,.F.);
#1136=ORIENTED_EDGE('',*,*,#769,.T.);
#1137=ORIENTED_EDGE('',*,*,#850,.T.);
#1138=ORIENTED_EDGE('',*,*,#851,.T.);
#1139=ORIENTED_EDGE('',*,*,#847,.F.);
#1140=ORIENTED_EDGE('',*,*,#768,.T.);
#1141=ORIENTED_EDGE('',*,*,#852,.T.);
#1142=ORIENTED_EDGE('',*,*,#853,.T.);
#1143=ORIENTED_EDGE('',*,*,#850,.F.);
#1144=ORIENTED_EDGE('',*,*,#854,.T.);
#1145=ORIENTED_EDGE('',*,*,#852,.F.);
#1146=ORIENTED_EDGE('',*,*,#767,.T.);
#1147=ORIENTED_EDGE('',*,*,#849,.T.);
#1148=ORIENTED_EDGE('',*,*,#854,.F.);
#1149=ORIENTED_EDGE('',*,*,#855,.F.);
#1150=ORIENTED_EDGE('',*,*,#842,.F.);
#1151=ORIENTED_EDGE('',*,*,#856,.T.);
#1152=ORIENTED_EDGE('',*,*,#848,.F.);
#1153=ORIENTED_EDGE('',*,*,#857,.F.);
#1154=ORIENTED_EDGE('',*,*,#839,.T.);
#1155=ORIENTED_EDGE('',*,*,#855,.T.);
#1156=ORIENTED_EDGE('',*,*,#851,.F.);
#1157=ORIENTED_EDGE('',*,*,#858,.F.);
#1158=ORIENTED_EDGE('',*,*,#840,.F.);
#1159=ORIENTED_EDGE('',*,*,#857,.T.);
#1160=ORIENTED_EDGE('',*,*,#853,.F.);
#1161=ORIENTED_EDGE('',*,*,#856,.F.);
#1162=ORIENTED_EDGE('',*,*,#841,.T.);
#1163=ORIENTED_EDGE('',*,*,#858,.T.);
#1164=ORIENTED_EDGE('',*,*,#859,.F.);
#1165=ORIENTED_EDGE('',*,*,#860,.F.);
#1166=ORIENTED_EDGE('',*,*,#861,.F.);
#1167=ORIENTED_EDGE('',*,*,#862,.F.);
#1168=ORIENTED_EDGE('',*,*,#863,.T.);
#1169=ORIENTED_EDGE('',*,*,#861,.T.);
#1170=ORIENTED_EDGE('',*,*,#864,.T.);
#1171=ORIENTED_EDGE('',*,*,#865,.T.);
#1172=ORIENTED_EDGE('',*,*,#866,.F.);
#1173=ORIENTED_EDGE('',*,*,#867,.T.);
#1174=ORIENTED_EDGE('',*,*,#868,.F.);
#1175=ORIENTED_EDGE('',*,*,#798,.F.);
#1176=ORIENTED_EDGE('',*,*,#832,.T.);
#1177=ORIENTED_EDGE('',*,*,#869,.F.);
#1178=ORIENTED_EDGE('',*,*,#870,.F.);
#1179=ORIENTED_EDGE('',*,*,#871,.T.);
#1180=ORIENTED_EDGE('',*,*,#872,.F.);
#1181=ORIENTED_EDGE('',*,*,#873,.T.);
#1182=ORIENTED_EDGE('',*,*,#874,.T.);
#1183=ORIENTED_EDGE('',*,*,#875,.F.);
#1184=ORIENTED_EDGE('',*,*,#876,.F.);
#1185=ORIENTED_EDGE('',*,*,#877,.F.);
#1186=ORIENTED_EDGE('',*,*,#878,.F.);
#1187=ORIENTED_EDGE('',*,*,#862,.T.);
#1188=ORIENTED_EDGE('',*,*,#863,.F.);
#1189=ORIENTED_EDGE('',*,*,#879,.T.);
#1190=ORIENTED_EDGE('',*,*,#880,.F.);
#1191=ORIENTED_EDGE('',*,*,#881,.F.);
#1192=ORIENTED_EDGE('',*,*,#882,.T.);
#1193=ORIENTED_EDGE('',*,*,#875,.T.);
#1194=ORIENTED_EDGE('',*,*,#864,.F.);
#1195=ORIENTED_EDGE('',*,*,#860,.T.);
#1196=ORIENTED_EDGE('',*,*,#883,.F.);
#1197=ORIENTED_EDGE('',*,*,#880,.T.);
#1198=ORIENTED_EDGE('',*,*,#884,.T.);
#1199=ORIENTED_EDGE('',*,*,#885,.F.);
#1200=ORIENTED_EDGE('',*,*,#876,.T.);
#1201=ORIENTED_EDGE('',*,*,#882,.F.);
#1202=ORIENTED_EDGE('',*,*,#886,.T.);
#1203=ORIENTED_EDGE('',*,*,#887,.F.);
#1204=ORIENTED_EDGE('',*,*,#884,.F.);
#1205=ORIENTED_EDGE('',*,*,#879,.F.);
#1206=ORIENTED_EDGE('',*,*,#885,.T.);
#1207=ORIENTED_EDGE('',*,*,#888,.F.);
#1208=ORIENTED_EDGE('',*,*,#889,.T.);
#1209=ORIENTED_EDGE('',*,*,#890,.F.);
#1210=ORIENTED_EDGE('',*,*,#891,.T.);
#1211=ORIENTED_EDGE('',*,*,#892,.F.);
#1212=ORIENTED_EDGE('',*,*,#893,.T.);
#1213=ORIENTED_EDGE('',*,*,#894,.T.);
#1214=ORIENTED_EDGE('',*,*,#872,.T.);
#1215=ORIENTED_EDGE('',*,*,#895,.T.);
#1216=ORIENTED_EDGE('',*,*,#895,.F.);
#1217=ORIENTED_EDGE('',*,*,#871,.F.);
#1218=ORIENTED_EDGE('',*,*,#896,.F.);
#1219=ORIENTED_EDGE('',*,*,#897,.T.);
#1220=ORIENTED_EDGE('',*,*,#898,.T.);
#1221=ORIENTED_EDGE('',*,*,#899,.T.);
#1222=ORIENTED_EDGE('',*,*,#888,.T.);
#1223=ORIENTED_EDGE('',*,*,#887,.T.);
#1224=ORIENTED_EDGE('',*,*,#900,.T.);
#1225=ORIENTED_EDGE('',*,*,#894,.F.);
#1226=ORIENTED_EDGE('',*,*,#901,.T.);
#1227=ORIENTED_EDGE('',*,*,#900,.F.);
#1228=ORIENTED_EDGE('',*,*,#886,.F.);
#1229=ORIENTED_EDGE('',*,*,#873,.F.);
#1230=ORIENTED_EDGE('',*,*,#902,.T.);
#1231=ORIENTED_EDGE('',*,*,#903,.T.);
#1232=ORIENTED_EDGE('',*,*,#877,.T.);
#1233=ORIENTED_EDGE('',*,*,#892,.T.);
#1234=ORIENTED_EDGE('',*,*,#904,.T.);
#1235=ORIENTED_EDGE('',*,*,#903,.F.);
#1236=ORIENTED_EDGE('',*,*,#905,.T.);
#1237=ORIENTED_EDGE('',*,*,#906,.F.);
#1238=ORIENTED_EDGE('',*,*,#865,.F.);
#1239=ORIENTED_EDGE('',*,*,#874,.F.);
#1240=ORIENTED_EDGE('',*,*,#902,.F.);
#1241=ORIENTED_EDGE('',*,*,#907,.F.);
#1242=ORIENTED_EDGE('',*,*,#908,.F.);
#1243=ORIENTED_EDGE('',*,*,#909,.T.);
#1244=ORIENTED_EDGE('',*,*,#910,.F.);
#1245=ORIENTED_EDGE('',*,*,#905,.F.);
#1246=ORIENTED_EDGE('',*,*,#910,.T.);
#1247=ORIENTED_EDGE('',*,*,#911,.T.);
#1248=ORIENTED_EDGE('',*,*,#866,.T.);
#1249=ORIENTED_EDGE('',*,*,#906,.T.);
#1250=ORIENTED_EDGE('',*,*,#911,.F.);
#1251=ORIENTED_EDGE('',*,*,#909,.F.);
#1252=ORIENTED_EDGE('',*,*,#912,.F.);
#1253=ORIENTED_EDGE('',*,*,#867,.F.);
#1254=ORIENTED_EDGE('',*,*,#838,.T.);
#1255=ORIENTED_EDGE('',*,*,#913,.F.);
#1256=ORIENTED_EDGE('',*,*,#771,.F.);
#1257=ORIENTED_EDGE('',*,*,#914,.F.);
#1258=ORIENTED_EDGE('',*,*,#837,.T.);
#1259=ORIENTED_EDGE('',*,*,#915,.F.);
#1260=ORIENTED_EDGE('',*,*,#772,.F.);
#1261=ORIENTED_EDGE('',*,*,#913,.T.);
#1262=ORIENTED_EDGE('',*,*,#836,.T.);
#1263=ORIENTED_EDGE('',*,*,#916,.F.);
#1264=ORIENTED_EDGE('',*,*,#773,.F.);
#1265=ORIENTED_EDGE('',*,*,#915,.T.);
#1266=ORIENTED_EDGE('',*,*,#835,.T.);
#1267=ORIENTED_EDGE('',*,*,#914,.T.);
#1268=ORIENTED_EDGE('',*,*,#770,.F.);
#1269=ORIENTED_EDGE('',*,*,#916,.T.);
#1270=ORIENTED_EDGE('',*,*,#740,.F.);
#1271=ORIENTED_EDGE('',*,*,#917,.F.);
#1272=ORIENTED_EDGE('',*,*,#783,.F.);
#1273=ORIENTED_EDGE('',*,*,#748,.T.);
#1274=ORIENTED_EDGE('',*,*,#904,.F.);
#1275=ORIENTED_EDGE('',*,*,#891,.F.);
#1276=ORIENTED_EDGE('',*,*,#918,.F.);
#1277=ORIENTED_EDGE('',*,*,#907,.T.);
#1278=ORIENTED_EDGE('',*,*,#899,.F.);
#1279=ORIENTED_EDGE('',*,*,#919,.F.);
#1280=ORIENTED_EDGE('',*,*,#920,.F.);
#1281=ORIENTED_EDGE('',*,*,#889,.F.);
#1282=ORIENTED_EDGE('',*,*,#893,.F.);
#1283=ORIENTED_EDGE('',*,*,#897,.F.);
#1284=ORIENTED_EDGE('',*,*,#921,.F.);
#1285=ORIENTED_EDGE('',*,*,#919,.T.);
#1286=ORIENTED_EDGE('',*,*,#898,.F.);
#1287=ORIENTED_EDGE('',*,*,#901,.F.);
#1288=ORIENTED_EDGE('',*,*,#918,.T.);
#1289=ORIENTED_EDGE('',*,*,#890,.T.);
#1290=ORIENTED_EDGE('',*,*,#920,.T.);
#1291=ORIENTED_EDGE('',*,*,#921,.T.);
#1292=ORIENTED_EDGE('',*,*,#896,.T.);
#1293=ORIENTED_EDGE('',*,*,#870,.T.);
#1294=ORIENTED_EDGE('',*,*,#922,.F.);
#1295=ORIENTED_EDGE('',*,*,#753,.F.);
#1296=ORIENTED_EDGE('',*,*,#799,.F.);
#1297=ORIENTED_EDGE('',*,*,#868,.T.);
#1298=ORIENTED_EDGE('',*,*,#912,.T.);
#1299=ORIENTED_EDGE('',*,*,#908,.T.);
#1300=ORIENTED_EDGE('',*,*,#792,.T.);
#1301=ORIENTED_EDGE('',*,*,#801,.F.);
#1302=ORIENTED_EDGE('',*,*,#754,.F.);
#1303=ORIENTED_EDGE('',*,*,#922,.T.);
#1304=ORIENTED_EDGE('',*,*,#869,.T.);
#1305=ORIENTED_EDGE('',*,*,#831,.T.);
#1306=ORIENTED_EDGE('',*,*,#804,.T.);
#1307=ORIENTED_EDGE('',*,*,#739,.F.);
#1308=ORIENTED_EDGE('',*,*,#747,.T.);
#1309=ORIENTED_EDGE('',*,*,#758,.F.);
#1310=ORIENTED_EDGE('',*,*,#761,.F.);
#1311=ORIENTED_EDGE('',*,*,#791,.F.);
#1312=ORIENTED_EDGE('',*,*,#786,.T.);
#1313=ORIENTED_EDGE('',*,*,#784,.F.);
#1314=ORIENTED_EDGE('',*,*,#917,.T.);
#1315=ORIENTED_EDGE('',*,*,#878,.T.);
#1316=ORIENTED_EDGE('',*,*,#883,.T.);
#1317=ORIENTED_EDGE('',*,*,#881,.T.);
#1318=ORIENTED_EDGE('',*,*,#859,.T.);
#1319=ORIENTED_EDGE('',*,*,#923,.F.);
#1320=ORIENTED_EDGE('',*,*,#924,.T.);
#1321=ORIENTED_EDGE('',*,*,#925,.F.);
#1322=ORIENTED_EDGE('',*,*,#926,.F.);
#1323=ORIENTED_EDGE('',*,*,#927,.F.);
#1324=ORIENTED_EDGE('',*,*,#926,.T.);
#1325=ORIENTED_EDGE('',*,*,#928,.F.);
#1326=ORIENTED_EDGE('',*,*,#929,.F.);
#1327=ORIENTED_EDGE('',*,*,#930,.F.);
#1328=ORIENTED_EDGE('',*,*,#929,.T.);
#1329=ORIENTED_EDGE('',*,*,#931,.F.);
#1330=ORIENTED_EDGE('',*,*,#932,.F.);
#1331=ORIENTED_EDGE('',*,*,#933,.F.);
#1332=ORIENTED_EDGE('',*,*,#932,.T.);
#1333=ORIENTED_EDGE('',*,*,#934,.F.);
#1334=ORIENTED_EDGE('',*,*,#935,.F.);
#1335=ORIENTED_EDGE('',*,*,#936,.F.);
#1336=ORIENTED_EDGE('',*,*,#935,.T.);
#1337=ORIENTED_EDGE('',*,*,#937,.F.);
#1338=ORIENTED_EDGE('',*,*,#938,.F.);
#1339=ORIENTED_EDGE('',*,*,#939,.F.);
#1340=ORIENTED_EDGE('',*,*,#938,.T.);
#1341=ORIENTED_EDGE('',*,*,#940,.F.);
#1342=ORIENTED_EDGE('',*,*,#941,.F.);
#1343=ORIENTED_EDGE('',*,*,#942,.F.);
#1344=ORIENTED_EDGE('',*,*,#941,.T.);
#1345=ORIENTED_EDGE('',*,*,#943,.F.);
#1346=ORIENTED_EDGE('',*,*,#944,.F.);
#1347=ORIENTED_EDGE('',*,*,#945,.T.);
#1348=ORIENTED_EDGE('',*,*,#944,.T.);
#1349=ORIENTED_EDGE('',*,*,#946,.F.);
#1350=ORIENTED_EDGE('',*,*,#924,.F.);
#1351=ORIENTED_EDGE('',*,*,#946,.T.);
#1352=ORIENTED_EDGE('',*,*,#943,.T.);
#1353=ORIENTED_EDGE('',*,*,#940,.T.);
#1354=ORIENTED_EDGE('',*,*,#937,.T.);
#1355=ORIENTED_EDGE('',*,*,#934,.T.);
#1356=ORIENTED_EDGE('',*,*,#931,.T.);
#1357=ORIENTED_EDGE('',*,*,#928,.T.);
#1358=ORIENTED_EDGE('',*,*,#925,.T.);
#1359=ORIENTED_EDGE('',*,*,#945,.F.);
#1360=ORIENTED_EDGE('',*,*,#923,.T.);
#1361=ORIENTED_EDGE('',*,*,#927,.T.);
#1362=ORIENTED_EDGE('',*,*,#930,.T.);
#1363=ORIENTED_EDGE('',*,*,#933,.T.);
#1364=ORIENTED_EDGE('',*,*,#936,.T.);
#1365=ORIENTED_EDGE('',*,*,#939,.T.);
#1366=ORIENTED_EDGE('',*,*,#942,.T.);
#1367=PLANE('',#1532);
#1368=PLANE('',#1533);
#1369=PLANE('',#1534);
#1370=PLANE('',#1535);
#1371=PLANE('',#1536);
#1372=PLANE('',#1537);
#1373=PLANE('',#1538);
#1374=PLANE('',#1539);
#1375=PLANE('',#1540);
#1376=PLANE('',#1541);
#1377=PLANE('',#1542);
#1378=PLANE('',#1543);
#1379=PLANE('',#1544);
#1380=PLANE('',#1545);
#1381=PLANE('',#1546);
#1382=PLANE('',#1547);
#1383=PLANE('',#1548);
#1384=PLANE('',#1549);
#1385=PLANE('',#1550);
#1386=PLANE('',#1551);
#1387=PLANE('',#1552);
#1388=PLANE('',#1553);
#1389=PLANE('',#1554);
#1390=PLANE('',#1555);
#1391=PLANE('',#1556);
#1392=PLANE('',#1557);
#1393=PLANE('',#1558);
#1394=PLANE('',#1559);
#1395=PLANE('',#1560);
#1396=PLANE('',#1561);
#1397=PLANE('',#1562);
#1398=PLANE('',#1563);
#1399=PLANE('',#1564);
#1400=PLANE('',#1565);
#1401=PLANE('',#1566);
#1402=PLANE('',#1567);
#1403=PLANE('',#1568);
#1404=PLANE('',#1569);
#1405=PLANE('',#1570);
#1406=PLANE('',#1571);
#1407=PLANE('',#1572);
#1408=PLANE('',#1575);
#1409=PLANE('',#1577);
#1410=PLANE('',#1578);
#1411=PLANE('',#1579);
#1412=PLANE('',#1580);
#1413=PLANE('',#1582);
#1414=PLANE('',#1587);
#1415=PLANE('',#1590);
#1416=PLANE('',#1593);
#1417=PLANE('',#1594);
#1418=PLANE('',#1597);
#1419=PLANE('',#1598);
#1420=PLANE('',#1599);
#1421=PLANE('',#1600);
#1422=PLANE('',#1601);
#1423=PLANE('',#1602);
#1424=PLANE('',#1603);
#1425=PLANE('',#1604);
#1426=PLANE('',#1605);
#1427=PLANE('',#1606);
#1428=PLANE('',#1607);
#1429=PLANE('',#1608);
#1430=PLANE('',#1609);
#1431=PLANE('',#1610);
#1432=PLANE('',#1611);
#1433=PLANE('',#1612);
#1434=PLANE('',#1613);
#1435=PLANE('',#1614);
#1436=PLANE('',#1615);
#1437=PLANE('',#1616);
#1438=PLANE('',#1617);
#1439=PLANE('',#1618);
#1440=ADVANCED_FACE('',(#40),#1367,.T.);
#1441=ADVANCED_FACE('',(#41),#1368,.T.);
#1442=ADVANCED_FACE('',(#42),#1369,.T.);
#1443=ADVANCED_FACE('',(#43),#1370,.T.);
#1444=ADVANCED_FACE('',(#44,#31,#32,#33,#34),#1371,.T.);
#1445=ADVANCED_FACE('',(#45),#1372,.T.);
#1446=ADVANCED_FACE('',(#46),#1373,.T.);
#1447=ADVANCED_FACE('',(#47),#1374,.T.);
#1448=ADVANCED_FACE('',(#48),#1375,.T.);
#1449=ADVANCED_FACE('',(#49),#1376,.T.);
#1450=ADVANCED_FACE('',(#50),#1377,.F.);
#1451=ADVANCED_FACE('',(#51),#1378,.T.);
#1452=ADVANCED_FACE('',(#52),#1379,.T.);
#1453=ADVANCED_FACE('',(#53),#1380,.T.);
#1454=ADVANCED_FACE('',(#54),#1381,.T.);
#1455=ADVANCED_FACE('',(#55),#1382,.T.);
#1456=ADVANCED_FACE('',(#56),#1383,.T.);
#1457=ADVANCED_FACE('',(#57),#1384,.T.);
#1458=ADVANCED_FACE('',(#58),#1385,.T.);
#1459=ADVANCED_FACE('',(#59),#1386,.T.);
#1460=ADVANCED_FACE('',(#60),#1387,.T.);
#1461=ADVANCED_FACE('',(#61),#1388,.T.);
#1462=ADVANCED_FACE('',(#62),#1389,.T.);
#1463=ADVANCED_FACE('',(#63),#1390,.T.);
#1464=ADVANCED_FACE('',(#64),#1391,.T.);
#1465=ADVANCED_FACE('',(#65),#1392,.T.);
#1466=ADVANCED_FACE('',(#66,#35,#36,#37,#38),#1393,.F.);
#1467=ADVANCED_FACE('',(#67),#1394,.T.);
#1468=ADVANCED_FACE('',(#68),#1395,.T.);
#1469=ADVANCED_FACE('',(#69),#1396,.T.);
#1470=ADVANCED_FACE('',(#70),#1397,.T.);
#1471=ADVANCED_FACE('',(#71),#1398,.T.);
#1472=ADVANCED_FACE('',(#72),#1399,.T.);
#1473=ADVANCED_FACE('',(#73),#1400,.T.);
#1474=ADVANCED_FACE('',(#74),#1401,.T.);
#1475=ADVANCED_FACE('',(#75),#1402,.T.);
#1476=ADVANCED_FACE('',(#76),#1403,.T.);
#1477=ADVANCED_FACE('',(#77),#1404,.T.);
#1478=ADVANCED_FACE('',(#78),#1405,.T.);
#1479=ADVANCED_FACE('',(#79),#1406,.F.);
#1480=ADVANCED_FACE('',(#80),#1407,.F.);
#1481=ADVANCED_FACE('',(#81),#1408,.F.);
#1482=ADVANCED_FACE('',(#82),#1409,.F.);
#1483=ADVANCED_FACE('',(#83),#1410,.F.);
#1484=ADVANCED_FACE('',(#84),#1411,.F.);
#1485=ADVANCED_FACE('',(#85),#1412,.F.);
#1486=ADVANCED_FACE('',(#86),#1413,.F.);
#1487=ADVANCED_FACE('',(#87),#17,.T.);
#1488=ADVANCED_FACE('',(#88),#1414,.T.);
#1489=ADVANCED_FACE('',(#89),#18,.T.);
#1490=ADVANCED_FACE('',(#90),#1415,.T.);
#1491=ADVANCED_FACE('',(#91),#19,.T.);
#1492=ADVANCED_FACE('',(#92),#1416,.T.);
#1493=ADVANCED_FACE('',(#93),#1417,.T.);
#1494=ADVANCED_FACE('',(#94),#20,.T.);
#1495=ADVANCED_FACE('',(#95),#1418,.T.);
#1496=ADVANCED_FACE('',(#96),#1419,.F.);
#1497=ADVANCED_FACE('',(#97),#1420,.F.);
#1498=ADVANCED_FACE('',(#98),#1421,.F.);
#1499=ADVANCED_FACE('',(#99),#1422,.F.);
#1500=ADVANCED_FACE('',(#100),#1423,.T.);
#1501=ADVANCED_FACE('',(#101),#1424,.T.);
#1502=ADVANCED_FACE('',(#102),#1425,.T.);
#1503=ADVANCED_FACE('',(#103),#1426,.T.);
#1504=ADVANCED_FACE('',(#104),#1427,.T.);
#1505=ADVANCED_FACE('',(#105),#1428,.F.);
#1506=ADVANCED_FACE('',(#106,#39),#1429,.T.);
#1507=ADVANCED_FACE('',(#107),#1430,.T.);
#1508=ADVANCED_FACE('',(#108),#1431,.T.);
#1509=ADVANCED_FACE('',(#109),#1432,.T.);
#1510=ADVANCED_FACE('',(#110),#1433,.T.);
#1511=ADVANCED_FACE('',(#111),#1434,.T.);
#1512=ADVANCED_FACE('',(#112),#1435,.T.);
#1513=ADVANCED_FACE('',(#113),#1436,.T.);
#1514=ADVANCED_FACE('',(#114),#1437,.T.);
#1515=ADVANCED_FACE('',(#115),#1438,.T.);
#1516=ADVANCED_FACE('',(#116),#1439,.F.);
#1517=CLOSED_SHELL('',(#1440,#1441,#1442,#1443,#1444,#1445,#1446,#1447,
#1448,#1449,#1450,#1451,#1452,#1453,#1454,#1455,#1456,#1457,#1458,#1459,
#1460,#1461,#1462,#1463,#1464,#1465,#1466,#1467,#1468,#1469,#1470,#1471,
#1472,#1473,#1474,#1475,#1476,#1477,#1478,#1479,#1480,#1481,#1482,#1483,
#1484,#1485,#1486,#1487,#1488,#1489,#1490,#1491,#1492,#1493,#1494,#1495,
#1496,#1497,#1498,#1499,#1500,#1501,#1502,#1503,#1504,#1505,#1506));
#1518=CLOSED_SHELL('',(#1507,#1508,#1509,#1510,#1511,#1512,#1513,#1514,
#1515,#1516));
#1519=DERIVED_UNIT_ELEMENT(#1521,1.);
#1520=DERIVED_UNIT_ELEMENT(#2422,-3.);
#1521=(
MASS_UNIT()
NAMED_UNIT(*)
SI_UNIT(.KILO.,.GRAM.)
);
#1522=DERIVED_UNIT((#1519,#1520));
#1523=MEASURE_REPRESENTATION_ITEM('density measure',
POSITIVE_RATIO_MEASURE(7850.),#1522);
#1524=PROPERTY_DEFINITION_REPRESENTATION(#1529,#1526);
#1525=PROPERTY_DEFINITION_REPRESENTATION(#1530,#1527);
#1526=REPRESENTATION('material name',(#1528),#2419);
#1527=REPRESENTATION('density',(#1523),#2419);
#1528=DESCRIPTIVE_REPRESENTATION_ITEM('Steel','Steel');
#1529=PROPERTY_DEFINITION('material property','material name',#2429);
#1530=PROPERTY_DEFINITION('material property','density of part',#2429);
#1531=AXIS2_PLACEMENT_3D('',#1995,#1619,#1620);
#1532=AXIS2_PLACEMENT_3D('',#1996,#1621,#1622);
#1533=AXIS2_PLACEMENT_3D('',#2005,#1627,#1628);
#1534=AXIS2_PLACEMENT_3D('',#2019,#1636,#1637);
#1535=AXIS2_PLACEMENT_3D('',#2035,#1646,#1647);
#1536=AXIS2_PLACEMENT_3D('',#2041,#1651,#1652);
#1537=AXIS2_PLACEMENT_3D('',#2079,#1672,#1673);
#1538=AXIS2_PLACEMENT_3D('',#2089,#1679,#1680);
#1539=AXIS2_PLACEMENT_3D('',#2095,#1684,#1685);
#1540=AXIS2_PLACEMENT_3D('',#2104,#1691,#1692);
#1541=AXIS2_PLACEMENT_3D('',#2106,#1694,#1695);
#1542=AXIS2_PLACEMENT_3D('',#2115,#1700,#1701);
#1543=AXIS2_PLACEMENT_3D('',#2123,#1707,#1708);
#1544=AXIS2_PLACEMENT_3D('',#2126,#1711,#1712);
#1545=AXIS2_PLACEMENT_3D('',#2129,#1715,#1716);
#1546=AXIS2_PLACEMENT_3D('',#2130,#1717,#1718);
#1547=AXIS2_PLACEMENT_3D('',#2136,#1722,#1723);
#1548=AXIS2_PLACEMENT_3D('',#2140,#1726,#1727);
#1549=AXIS2_PLACEMENT_3D('',#2144,#1730,#1731);
#1550=AXIS2_PLACEMENT_3D('',#2146,#1733,#1734);
#1551=AXIS2_PLACEMENT_3D('',#2152,#1738,#1739);
#1552=AXIS2_PLACEMENT_3D('',#2156,#1742,#1743);
#1553=AXIS2_PLACEMENT_3D('',#2162,#1747,#1748);
#1554=AXIS2_PLACEMENT_3D('',#2166,#1751,#1752);
#1555=AXIS2_PLACEMENT_3D('',#2170,#1755,#1756);
#1556=AXIS2_PLACEMENT_3D('',#2172,#1758,#1759);
#1557=AXIS2_PLACEMENT_3D('',#2178,#1763,#1764);
#1558=AXIS2_PLACEMENT_3D('',#2182,#1767,#1768);
#1559=AXIS2_PLACEMENT_3D('',#2208,#1783,#1784);
#1560=AXIS2_PLACEMENT_3D('',#2210,#1786,#1787);
#1561=AXIS2_PLACEMENT_3D('',#2211,#1788,#1789);
#1562=AXIS2_PLACEMENT_3D('',#2213,#1791,#1792);
#1563=AXIS2_PLACEMENT_3D('',#2214,#1793,#1794);
#1564=AXIS2_PLACEMENT_3D('',#2220,#1798,#1799);
#1565=AXIS2_PLACEMENT_3D('',#2224,#1802,#1803);
#1566=AXIS2_PLACEMENT_3D('',#2228,#1806,#1807);
#1567=AXIS2_PLACEMENT_3D('',#2230,#1809,#1810);
#1568=AXIS2_PLACEMENT_3D('',#2233,#1813,#1814);
#1569=AXIS2_PLACEMENT_3D('',#2235,#1816,#1817);
#1570=AXIS2_PLACEMENT_3D('',#2237,#1819,#1820);
#1571=AXIS2_PLACEMENT_3D('',#2238,#1821,#1822);
#1572=AXIS2_PLACEMENT_3D('',#2247,#1827,#1828);
#1573=AXIS2_PLACEMENT_3D('',#2255,#1832,#1833);
#1574=AXIS2_PLACEMENT_3D('',#2266,#1839,#1840);
#1575=AXIS2_PLACEMENT_3D('',#2268,#1842,#1843);
#1576=AXIS2_PLACEMENT_3D('',#2275,#1847,#1848);
#1577=AXIS2_PLACEMENT_3D('',#2276,#1849,#1850);
#1578=AXIS2_PLACEMENT_3D('',#2282,#1854,#1855);
#1579=AXIS2_PLACEMENT_3D('',#2286,#1858,#1859);
#1580=AXIS2_PLACEMENT_3D('',#2291,#1863,#1864);
#1581=AXIS2_PLACEMENT_3D('',#2294,#1866,#1867);
#1582=AXIS2_PLACEMENT_3D('',#2295,#1868,#1869);
#1583=AXIS2_PLACEMENT_3D('',#2297,#1870,#1871);
#1584=AXIS2_PLACEMENT_3D('',#2304,#1875,#1876);
#1585=AXIS2_PLACEMENT_3D('',#2305,#1877,#1878);
#1586=AXIS2_PLACEMENT_3D('',#2308,#1879,#1880);
#1587=AXIS2_PLACEMENT_3D('',#2311,#1883,#1884);
#1588=AXIS2_PLACEMENT_3D('',#2315,#1887,#1888);
#1589=AXIS2_PLACEMENT_3D('',#2318,#1889,#1890);
#1590=AXIS2_PLACEMENT_3D('',#2321,#1893,#1894);
#1591=AXIS2_PLACEMENT_3D('',#2323,#1896,#1897);
#1592=AXIS2_PLACEMENT_3D('',#2326,#1898,#1899);
#1593=AXIS2_PLACEMENT_3D('',#2329,#1902,#1903);
#1594=AXIS2_PLACEMENT_3D('',#2333,#1906,#1907);
#1595=AXIS2_PLACEMENT_3D('',#2340,#1911,#1912);
#1596=AXIS2_PLACEMENT_3D('',#2341,#1913,#1914);
#1597=AXIS2_PLACEMENT_3D('',#2343,#1916,#1917);
#1598=AXIS2_PLACEMENT_3D('',#2345,#1919,#1920);
#1599=AXIS2_PLACEMENT_3D('',#2348,#1923,#1924);
#1600=AXIS2_PLACEMENT_3D('',#2350,#1926,#1927);
#1601=AXIS2_PLACEMENT_3D('',#2352,#1929,#1930);
#1602=AXIS2_PLACEMENT_3D('',#2353,#1931,#1932);
#1603=AXIS2_PLACEMENT_3D('',#2355,#1934,#1935);
#1604=AXIS2_PLACEMENT_3D('',#2357,#1937,#1938);
#1605=AXIS2_PLACEMENT_3D('',#2361,#1941,#1942);
#1606=AXIS2_PLACEMENT_3D('',#2363,#1944,#1945);
#1607=AXIS2_PLACEMENT_3D('',#2365,#1947,#1948);
#1608=AXIS2_PLACEMENT_3D('',#2366,#1949,#1950);
#1609=AXIS2_PLACEMENT_3D('',#2367,#1951,#1952);
#1610=AXIS2_PLACEMENT_3D('',#2376,#1957,#1958);
#1611=AXIS2_PLACEMENT_3D('',#2382,#1962,#1963);
#1612=AXIS2_PLACEMENT_3D('',#2388,#1967,#1968);
#1613=AXIS2_PLACEMENT_3D('',#2394,#1972,#1973);
#1614=AXIS2_PLACEMENT_3D('',#2400,#1977,#1978);
#1615=AXIS2_PLACEMENT_3D('',#2406,#1982,#1983);
#1616=AXIS2_PLACEMENT_3D('',#2412,#1987,#1988);
#1617=AXIS2_PLACEMENT_3D('',#2415,#1991,#1992);
#1618=AXIS2_PLACEMENT_3D('',#2416,#1993,#1994);
#1619=DIRECTION('axis',(0.,0.,1.));
#1620=DIRECTION('refdir',(1.,0.,0.));
#1621=DIRECTION('center_axis',(0.,0.707106781186541,-0.707106781186554));
#1622=DIRECTION('ref_axis',(-1.,0.,0.));
#1623=DIRECTION('',(-5.88784672006421E-16,0.707106781186554,0.707106781186541));
#1624=DIRECTION('',(1.,0.,0.));
#1625=DIRECTION('',(1.57009245868379E-15,-0.707106781186554,-0.707106781186541));
#1626=DIRECTION('',(-1.,0.,0.));
#1627=DIRECTION('center_axis',(0.,1.,0.));
#1628=DIRECTION('ref_axis',(0.,0.,1.));
#1629=DIRECTION('',(0.,0.,1.));
#1630=DIRECTION('',(-1.,0.,0.));
#1631=DIRECTION('',(0.,0.,-1.));
#1632=DIRECTION('',(-1.,0.,0.));
#1633=DIRECTION('',(0.,0.,1.));
#1634=DIRECTION('',(-1.,0.,0.));
#1635=DIRECTION('',(0.,0.,1.));
#1636=DIRECTION('center_axis',(-1.,-8.32667268468867E-16,0.));
#1637=DIRECTION('ref_axis',(0.,0.,1.));
#1638=DIRECTION('',(-7.28583859910262E-16,1.,0.));
#1639=DIRECTION('',(-5.8878467200641E-16,0.707106781186541,-0.707106781186554));
#1640=DIRECTION('',(0.,0.,1.));
#1641=DIRECTION('',(-8.32667268468867E-16,1.,0.));
#1642=DIRECTION('',(0.,0.,-1.));
#1643=DIRECTION('',(-8.32667268468867E-16,1.,0.));
#1644=DIRECTION('',(0.,0.,1.));
#1645=DIRECTION('',(-8.32667268468867E-16,1.,0.));
#1646=DIRECTION('center_axis',(0.,0.707106781186555,0.70710678118654));
#1647=DIRECTION('ref_axis',(1.,0.,0.));
#1648=DIRECTION('',(5.88784672006409E-16,-0.70710678118654,0.707106781186555));
#1649=DIRECTION('',(1.,0.,0.));
#1650=DIRECTION('',(-1.57009245868376E-15,0.70710678118654,-0.707106781186555));
#1651=DIRECTION('center_axis',(0.,0.,1.));
#1652=DIRECTION('ref_axis',(1.,0.,0.));
#1653=DIRECTION('',(0.,-1.,0.));
#1654=DIRECTION('',(-1.,0.,0.));
#1655=DIRECTION('',(0.,1.,0.));
#1656=DIRECTION('',(1.,0.,0.));
#1657=DIRECTION('',(0.,-1.,0.));
#1658=DIRECTION('',(-1.,0.,0.));
#1659=DIRECTION('',(0.,1.,0.));
#1660=DIRECTION('',(0.,1.,0.));
#1661=DIRECTION('',(1.,0.,0.));
#1662=DIRECTION('',(0.,-1.,0.));
#1663=DIRECTION('',(-1.,0.,0.));
#1664=DIRECTION('',(1.,0.,0.));
#1665=DIRECTION('',(0.,-1.,0.));
#1666=DIRECTION('',(-1.,0.,0.));
#1667=DIRECTION('',(0.,1.,0.));
#1668=DIRECTION('',(0.,1.,0.));
#1669=DIRECTION('',(1.,0.,0.));
#1670=DIRECTION('',(0.,-1.,0.));
#1671=DIRECTION('',(-1.,0.,0.));
#1672=DIRECTION('center_axis',(-1.,-8.32667268468867E-16,0.));
#1673=DIRECTION('ref_axis',(0.,0.,1.));
#1674=DIRECTION('',(8.32667268468867E-16,-1.,0.));
#1675=DIRECTION('',(8.32667268468867E-16,-1.,0.));
#1676=DIRECTION('',(8.32667268468867E-16,-1.,0.));
#1677=DIRECTION('',(0.,0.,1.));
#1678=DIRECTION('',(5.88784672006399E-16,-0.707106781186528,-0.707106781186567));
#1679=DIRECTION('center_axis',(0.,-0.707106781186554,-0.707106781186541));
#1680=DIRECTION('ref_axis',(-1.,0.,0.));
#1681=DIRECTION('',(1.,0.,0.));
#1682=DIRECTION('',(1.57009245868376E-15,-0.707106781186541,0.707106781186554));
#1683=DIRECTION('',(-1.,0.,0.));
#1684=DIRECTION('center_axis',(0.,-1.,0.));
#1685=DIRECTION('ref_axis',(0.,0.,-1.));
#1686=DIRECTION('',(0.,0.,-1.));
#1687=DIRECTION('',(1.,0.,0.));
#1688=DIRECTION('',(-1.,0.,0.));
#1689=DIRECTION('',(0.,0.,1.));
#1690=DIRECTION('',(-1.,0.,0.));
#1691=DIRECTION('center_axis',(0.,-0.707106781186567,0.707106781186528));
#1692=DIRECTION('ref_axis',(1.,0.,0.));
#1693=DIRECTION('',(-1.57009245868373E-15,0.707106781186528,0.707106781186567));
#1694=DIRECTION('center_axis',(1.,0.,0.));
#1695=DIRECTION('ref_axis',(0.,-8.21730162665732E-31,1.));
#1696=DIRECTION('',(0.,0.,-1.));
#1697=DIRECTION('',(0.,-1.,0.));
#1698=DIRECTION('',(0.,0.,1.));
#1699=DIRECTION('',(0.,-1.,0.));
#1700=DIRECTION('center_axis',(0.,-1.,0.));
#1701=DIRECTION('ref_axis',(0.,0.,-1.));
#1702=DIRECTION('',(-1.,0.,0.));
#1703=DIRECTION('',(1.,0.,0.));
#1704=DIRECTION('',(0.,0.,-1.));
#1705=DIRECTION('',(-1.,0.,0.));
#1706=DIRECTION('',(-1.,0.,0.));
#1707=DIRECTION('center_axis',(0.,0.,-1.));
#1708=DIRECTION('ref_axis',(0.,-1.,0.));
#1709=DIRECTION('',(-1.,0.,0.));
#1710=DIRECTION('',(0.,-1.,0.));
#1711=DIRECTION('center_axis',(0.,0.,1.));
#1712=DIRECTION('ref_axis',(0.,1.,0.));
#1713=DIRECTION('',(0.,1.,0.));
#1714=DIRECTION('',(-1.,0.,0.));
#1715=DIRECTION('center_axis',(-1.,0.,0.));
#1716=DIRECTION('ref_axis',(0.,0.,1.));
#1717=DIRECTION('center_axis',(0.,0.707106781186548,0.707106781186548));
#1718=DIRECTION('ref_axis',(1.,0.,0.));
#1719=DIRECTION('',(-0.577350269189626,0.577350269189626,-0.577350269189626));
#1720=DIRECTION('',(-1.,0.,0.));
#1721=DIRECTION('',(0.577350269189626,0.577350269189626,-0.577350269189626));
#1722=DIRECTION('center_axis',(-0.707106781186547,0.,0.707106781186548));
#1723=DIRECTION('ref_axis',(0.707106781186548,0.,0.707106781186547));
#1724=DIRECTION('',(-0.577350269189626,-0.577350269189626,-0.577350269189625));
#1725=DIRECTION('',(0.,-1.,0.));
#1726=DIRECTION('center_axis',(0.,-0.707106781186547,0.707106781186548));
#1727=DIRECTION('ref_axis',(1.,0.,0.));
#1728=DIRECTION('',(0.577350269189626,-0.577350269189626,-0.577350269189625));
#1729=DIRECTION('',(1.,0.,0.));
#1730=DIRECTION('center_axis',(0.707106781186547,0.,0.707106781186548));
#1731=DIRECTION('ref_axis',(0.707106781186548,0.,-0.707106781186547));
#1732=DIRECTION('',(0.,1.,0.));
#1733=DIRECTION('center_axis',(1.,0.,0.));
#1734=DIRECTION('ref_axis',(0.,1.,0.));
#1735=DIRECTION('',(0.,0.,1.));
#1736=DIRECTION('',(0.,1.,0.));
#1737=DIRECTION('',(0.,0.,1.));
#1738=DIRECTION('center_axis',(0.,1.,0.));
#1739=DIRECTION('ref_axis',(-1.,0.,0.));
#1740=DIRECTION('',(0.,0.,1.));
#1741=DIRECTION('',(1.,0.,0.));
#1742=DIRECTION('center_axis',(-0.707106781186547,0.,0.707106781186548));
#1743=DIRECTION('ref_axis',(0.707106781186548,0.,0.707106781186547));
#1744=DIRECTION('',(-0.577350269189626,-0.577350269189626,-0.577350269189625));
#1745=DIRECTION('',(0.,-1.,0.));
#1746=DIRECTION('',(-0.577350269189626,0.577350269189626,-0.577350269189625));
#1747=DIRECTION('center_axis',(0.,-0.707106781186547,0.707106781186548));
#1748=DIRECTION('ref_axis',(1.,0.,0.));
#1749=DIRECTION('',(0.577350269189624,-0.577350269189627,-0.577350269189626));
#1750=DIRECTION('',(1.,0.,0.));
#1751=DIRECTION('center_axis',(0.707106781186549,0.,0.707106781186546));
#1752=DIRECTION('ref_axis',(0.707106781186546,0.,-0.707106781186549));
#1753=DIRECTION('',(0.577350269189624,0.577350269189627,-0.577350269189626));
#1754=DIRECTION('',(0.,1.,0.));
#1755=DIRECTION('center_axis',(0.,0.707106781186547,0.707106781186548));
#1756=DIRECTION('ref_axis',(1.,0.,0.));
#1757=DIRECTION('',(-1.,0.,0.));
#1758=DIRECTION('center_axis',(0.,1.,0.));
#1759=DIRECTION('ref_axis',(-1.,0.,0.));
#1760=DIRECTION('',(0.,0.,1.));
#1761=DIRECTION('',(1.,0.,0.));
#1762=DIRECTION('',(0.,0.,1.));
#1763=DIRECTION('center_axis',(-1.,0.,0.));
#1764=DIRECTION('ref_axis',(0.,-1.,0.));
#1765=DIRECTION('',(0.,0.,1.));
#1766=DIRECTION('',(0.,-1.,0.));
#1767=DIRECTION('center_axis',(0.,0.,1.));
#1768=DIRECTION('ref_axis',(1.,0.,0.));
#1769=DIRECTION('',(-1.,-6.93889390390738E-16,0.));
#1770=DIRECTION('',(-2.22044604925031E-15,1.,0.));
#1771=DIRECTION('',(-1.,0.,0.));
#1772=DIRECTION('',(0.,1.,0.));
#1773=DIRECTION('',(1.,0.,0.));
#1774=DIRECTION('',(0.,1.,0.));
#1775=DIRECTION('',(-1.,0.,0.));
#1776=DIRECTION('',(0.,-1.,0.));
#1777=DIRECTION('',(0.,-1.,0.));
#1778=DIRECTION('',(-1.,0.,0.));
#1779=DIRECTION('',(0.,1.,0.));
#1780=DIRECTION('',(1.,0.,0.));
#1781=DIRECTION('',(-1.,0.,0.));
#1782=DIRECTION('',(0.,-1.,0.));
#1783=DIRECTION('center_axis',(-1.,0.,0.));
#1784=DIRECTION('ref_axis',(0.,-1.,0.));
#1785=DIRECTION('',(0.,0.,1.));
#1786=DIRECTION('center_axis',(0.,-1.,0.));
#1787=DIRECTION('ref_axis',(1.,0.,0.));
#1788=DIRECTION('center_axis',(1.,0.,0.));
#1789=DIRECTION('ref_axis',(0.,1.,0.));
#1790=DIRECTION('',(0.,0.,1.));
#1791=DIRECTION('center_axis',(0.,-1.,0.));
#1792=DIRECTION('ref_axis',(1.,0.,0.));
#1793=DIRECTION('center_axis',(-0.707106781186547,0.,0.707106781186548));
#1794=DIRECTION('ref_axis',(0.707106781186548,0.,0.707106781186547));
#1795=DIRECTION('',(-0.577350269189626,-0.577350269189626,-0.577350269189625));
#1796=DIRECTION('',(0.,-1.,0.));
#1797=DIRECTION('',(-0.577350269189626,0.577350269189626,-0.577350269189626));
#1798=DIRECTION('center_axis',(0.,-0.707106781186547,0.707106781186548));
#1799=DIRECTION('ref_axis',(1.,0.,0.));
#1800=DIRECTION('',(0.577350269189624,-0.577350269189627,-0.577350269189626));
#1801=DIRECTION('',(1.,0.,0.));
#1802=DIRECTION('center_axis',(0.707106781186549,0.,0.707106781186546));
#1803=DIRECTION('ref_axis',(0.707106781186546,0.,-0.707106781186549));
#1804=DIRECTION('',(0.577350269189624,0.577350269189626,-0.577350269189626));
#1805=DIRECTION('',(0.,1.,0.));
#1806=DIRECTION('center_axis',(0.,0.707106781186548,0.707106781186548));
#1807=DIRECTION('ref_axis',(1.,0.,0.));
#1808=DIRECTION('',(-1.,0.,0.));
#1809=DIRECTION('center_axis',(0.,1.,0.));
#1810=DIRECTION('ref_axis',(-1.,0.,0.));
#1811=DIRECTION('',(0.,0.,1.));
#1812=DIRECTION('',(0.,0.,1.));
#1813=DIRECTION('center_axis',(-1.,0.,0.));
#1814=DIRECTION('ref_axis',(0.,-1.,0.));
#1815=DIRECTION('',(0.,0.,1.));
#1816=DIRECTION('center_axis',(0.,-1.,0.));
#1817=DIRECTION('ref_axis',(1.,0.,0.));
#1818=DIRECTION('',(0.,0.,1.));
#1819=DIRECTION('center_axis',(1.,0.,0.));
#1820=DIRECTION('ref_axis',(0.,1.,0.));
#1821=DIRECTION('center_axis',(0.,0.,1.));
#1822=DIRECTION('ref_axis',(1.,0.,0.));
#1823=DIRECTION('',(-2.22044604925031E-15,1.,0.));
#1824=DIRECTION('',(1.,0.,0.));
#1825=DIRECTION('',(2.22044604925031E-15,-1.,0.));
#1826=DIRECTION('',(-1.,0.,0.));
#1827=DIRECTION('center_axis',(1.,2.22044604925031E-15,0.));
#1828=DIRECTION('ref_axis',(0.,0.,-1.));
#1829=DIRECTION('',(0.,0.,1.));
#1830=DIRECTION('',(0.,0.,-1.));
#1831=DIRECTION('',(2.22044604925031E-15,-1.,0.));
#1832=DIRECTION('center_axis',(1.,2.22044604925031E-15,0.));
#1833=DIRECTION('ref_axis',(0.,-0.707106781186548,0.707106781186548));
#1834=DIRECTION('',(0.,0.,-1.));
#1835=DIRECTION('',(2.22044604925031E-15,-1.,0.));
#1836=DIRECTION('',(0.,0.,1.));
#1837=DIRECTION('',(2.22044604925031E-15,-1.,0.));
#1838=DIRECTION('',(0.,0.,1.));
#1839=DIRECTION('center_axis',(1.,2.22044604925031E-15,0.));
#1840=DIRECTION('ref_axis',(0.,0.707106781186548,0.707106781186548));
#1841=DIRECTION('',(2.22044604925031E-15,-1.,0.));
#1842=DIRECTION('center_axis',(-1.,0.,0.));
#1843=DIRECTION('ref_axis',(0.,0.,1.));
#1844=DIRECTION('',(2.22044604925031E-15,-1.,0.));
#1845=DIRECTION('',(0.,0.,1.));
#1846=DIRECTION('',(0.,-1.,0.));
#1847=DIRECTION('center_axis',(1.,2.22044604925031E-15,0.));
#1848=DIRECTION('ref_axis',(0.,0.707106781186548,0.707106781186548));
#1849=DIRECTION('center_axis',(0.,1.,0.));
#1850=DIRECTION('ref_axis',(0.,0.,-1.));
#1851=DIRECTION('',(0.,0.,-1.));
#1852=DIRECTION('',(0.,0.,-1.));
#1853=DIRECTION('',(-1.,0.,0.));
#1854=DIRECTION('center_axis',(0.,-1.,0.));
#1855=DIRECTION('ref_axis',(0.,0.,1.));
#1856=DIRECTION('',(0.,0.,1.));
#1857=DIRECTION('',(-1.,0.,0.));
#1858=DIRECTION('center_axis',(0.,0.,-1.));
#1859=DIRECTION('ref_axis',(0.,-1.,0.));
#1860=DIRECTION('',(2.22044604925031E-15,-1.,0.));
#1861=DIRECTION('',(0.,-1.,0.));
#1862=DIRECTION('',(-2.22044604925031E-15,1.,0.));
#1863=DIRECTION('center_axis',(-1.,0.,0.));
#1864=DIRECTION('ref_axis',(0.,0.,1.));
#1865=DIRECTION('',(2.22044604925031E-15,-1.,0.));
#1866=DIRECTION('center_axis',(1.,2.22044604925031E-15,0.));
#1867=DIRECTION('ref_axis',(0.,-0.707106781186548,0.707106781186548));
#1868=DIRECTION('center_axis',(1.,2.22044604925031E-15,0.));
#1869=DIRECTION('ref_axis',(0.,0.,-1.));
#1870=DIRECTION('center_axis',(1.,2.22044604925031E-15,0.));
#1871=DIRECTION('ref_axis',(0.,-0.707106781186548,0.707106781186548));
#1872=DIRECTION('',(0.,0.,-1.));
#1873=DIRECTION('',(2.22044604925031E-15,-1.,0.));
#1874=DIRECTION('',(0.,0.,1.));
#1875=DIRECTION('center_axis',(1.,2.22044604925031E-15,0.));
#1876=DIRECTION('ref_axis',(0.,0.707106781186548,0.707106781186548));
#1877=DIRECTION('center_axis',(-1.,0.,0.));
#1878=DIRECTION('ref_axis',(0.,0.707106781186548,0.707106781186548));
#1879=DIRECTION('center_axis',(1.,0.,0.));
#1880=DIRECTION('ref_axis',(0.,0.707106781186548,0.707106781186548));
#1881=DIRECTION('',(1.,0.,0.));
#1882=DIRECTION('',(-1.,0.,0.));
#1883=DIRECTION('center_axis',(0.,1.,0.));
#1884=DIRECTION('ref_axis',(-1.,0.,0.));
#1885=DIRECTION('',(1.,0.,0.));
#1886=DIRECTION('',(0.,0.,1.));
#1887=DIRECTION('center_axis',(1.,0.,0.));
#1888=DIRECTION('ref_axis',(0.,-0.707106781186548,0.707106781186548));
#1889=DIRECTION('center_axis',(1.,0.,0.));
#1890=DIRECTION('ref_axis',(0.,-0.707106781186548,0.707106781186548));
#1891=DIRECTION('',(1.,0.,0.));
#1892=DIRECTION('',(-1.,0.,0.));
#1893=DIRECTION('center_axis',(0.,0.,1.));
#1894=DIRECTION('ref_axis',(1.,0.,0.));
#1895=DIRECTION('',(0.,-1.,0.));
#1896=DIRECTION('center_axis',(-1.,0.,0.));
#1897=DIRECTION('ref_axis',(0.,0.707106781186548,0.707106781186548));
#1898=DIRECTION('center_axis',(1.,0.,0.));
#1899=DIRECTION('ref_axis',(0.,0.707106781186548,0.707106781186548));
#1900=DIRECTION('',(1.,0.,0.));
#1901=DIRECTION('',(-1.,0.,0.));
#1902=DIRECTION('center_axis',(0.,0.,1.));
#1903=DIRECTION('ref_axis',(1.,0.,0.));
#1904=DIRECTION('',(0.,-1.,0.));
#1905=DIRECTION('',(-1.,0.,0.));
#1906=DIRECTION('center_axis',(-1.,0.,0.));
#1907=DIRECTION('ref_axis',(0.,-1.,0.));
#1908=DIRECTION('',(0.,0.,1.));
#1909=DIRECTION('',(0.,1.,0.));
#1910=DIRECTION('',(0.,0.,1.));
#1911=DIRECTION('center_axis',(1.,0.,0.));
#1912=DIRECTION('ref_axis',(0.,-0.707106781186548,0.707106781186548));
#1913=DIRECTION('center_axis',(1.,0.,0.));
#1914=DIRECTION('ref_axis',(0.,-0.707106781186548,0.707106781186548));
#1915=DIRECTION('',(1.,0.,0.));
#1916=DIRECTION('center_axis',(0.,-1.,0.));
#1917=DIRECTION('ref_axis',(1.,0.,0.));
#1918=DIRECTION('',(-1.,0.,0.));
#1919=DIRECTION('center_axis',(1.,0.,0.));
#1920=DIRECTION('ref_axis',(0.,-1.,0.));
#1921=DIRECTION('',(0.,0.,-1.));
#1922=DIRECTION('',(0.,0.,1.));
#1923=DIRECTION('center_axis',(0.,-1.,0.));
#1924=DIRECTION('ref_axis',(-1.,0.,0.));
#1925=DIRECTION('',(0.,0.,-1.));
#1926=DIRECTION('center_axis',(-1.,0.,0.));
#1927=DIRECTION('ref_axis',(0.,1.,0.));
#1928=DIRECTION('',(0.,0.,-1.));
#1929=DIRECTION('center_axis',(0.,1.,0.));
#1930=DIRECTION('ref_axis',(1.,0.,0.));
#1931=DIRECTION('center_axis',(0.,0.,-1.));
#1932=DIRECTION('ref_axis',(-1.,0.,0.));
#1933=DIRECTION('',(0.,1.,0.));
#1934=DIRECTION('center_axis',(0.,1.,0.));
#1935=DIRECTION('ref_axis',(-1.,0.,0.));
#1936=DIRECTION('',(1.,0.,0.));
#1937=DIRECTION('center_axis',(0.,-1.,0.));
#1938=DIRECTION('ref_axis',(1.,0.,0.));
#1939=DIRECTION('',(0.,0.,1.));
#1940=DIRECTION('',(-1.,0.,0.));
#1941=DIRECTION('center_axis',(-1.,0.,0.));
#1942=DIRECTION('ref_axis',(0.,-1.,0.));
#1943=DIRECTION('',(0.,1.,0.));
#1944=DIRECTION('center_axis',(0.,0.,1.));
#1945=DIRECTION('ref_axis',(1.,0.,0.));
#1946=DIRECTION('',(1.,6.93889390390738E-16,0.));
#1947=DIRECTION('center_axis',(-6.93889390390738E-16,1.,0.));
#1948=DIRECTION('ref_axis',(0.,0.,1.));
#1949=DIRECTION('center_axis',(1.,2.22044604925031E-15,0.));
#1950=DIRECTION('ref_axis',(0.,0.,-1.));
#1951=DIRECTION('center_axis',(0.,0.,-1.));
#1952=DIRECTION('ref_axis',(0.,-1.,0.));
#1953=DIRECTION('',(0.,1.,0.));
#1954=DIRECTION('',(-1.,0.,0.));
#1955=DIRECTION('',(0.,-1.,0.));
#1956=DIRECTION('',(-1.,0.,0.));
#1957=DIRECTION('center_axis',(0.,1.,0.));
#1958=DIRECTION('ref_axis',(0.,0.,-1.));
#1959=DIRECTION('',(0.,0.,1.));
#1960=DIRECTION('',(0.,0.,-1.));
#1961=DIRECTION('',(-1.,0.,0.));
#1962=DIRECTION('center_axis',(0.,0.,1.));
#1963=DIRECTION('ref_axis',(0.,1.,0.));
#1964=DIRECTION('',(0.,-1.,0.));
#1965=DIRECTION('',(0.,1.,0.));
#1966=DIRECTION('',(-1.,0.,0.));
#1967=DIRECTION('center_axis',(0.,-1.,0.));
#1968=DIRECTION('ref_axis',(0.,0.,1.));
#1969=DIRECTION('',(0.,0.,-1.));
#1970=DIRECTION('',(0.,0.,1.));
#1971=DIRECTION('',(-1.,0.,0.));
#1972=DIRECTION('center_axis',(0.,0.,-1.));
#1973=DIRECTION('ref_axis',(0.,-1.,0.));
#1974=DIRECTION('',(0.,1.,0.));
#1975=DIRECTION('',(0.,-1.,0.));
#1976=DIRECTION('',(-1.,0.,0.));
#1977=DIRECTION('center_axis',(0.,-1.,0.));
#1978=DIRECTION('ref_axis',(0.,0.,1.));
#1979=DIRECTION('',(0.,0.,-1.));
#1980=DIRECTION('',(0.,0.,1.));
#1981=DIRECTION('',(-1.,0.,0.));
#1982=DIRECTION('center_axis',(0.,1.32169407693471E-17,-1.));
#1983=DIRECTION('ref_axis',(0.,-1.,-1.32169407693471E-17));
#1984=DIRECTION('',(0.,1.,1.32169407693471E-17));
#1985=DIRECTION('',(0.,-1.,-1.32169407693471E-17));
#1986=DIRECTION('',(-1.,0.,0.));
#1987=DIRECTION('center_axis',(0.,1.,0.));
#1988=DIRECTION('ref_axis',(0.,0.,-1.));
#1989=DIRECTION('',(0.,0.,-1.));
#1990=DIRECTION('',(0.,0.,-1.));
#1991=DIRECTION('center_axis',(-1.,0.,0.));
#1992=DIRECTION('ref_axis',(0.,0.,1.));
#1993=DIRECTION('center_axis',(-1.,0.,0.));
#1994=DIRECTION('ref_axis',(0.,-1.,0.));
#1995=CARTESIAN_POINT('',(0.,0.,0.));
#1996=CARTESIAN_POINT('Origin',(-12.3209506046534,24.2719675949636,-0.5));
#1997=CARTESIAN_POINT('',(-51.0334506046533,23.7719675949636,-1.));
#1998=CARTESIAN_POINT('',(-51.0334506046533,24.7719675949636,0.));
#1999=CARTESIAN_POINT('',(-51.0334506046533,24.0157175949636,-0.756250000000008));
#2000=CARTESIAN_POINT('',(1.91654939534652,24.7719675949636,0.));
#2001=CARTESIAN_POINT('',(-12.3209506046534,24.7719675949636,0.));
#2002=CARTESIAN_POINT('',(1.91654939534652,23.7719675949636,-1.));
#2003=CARTESIAN_POINT('',(1.91654939534653,18.7782175949635,-5.99374999999996));
#2004=CARTESIAN_POINT('',(-12.3209506046534,23.7719675949636,-1.));
#2005=CARTESIAN_POINT('Origin',(-0.0834506046534855,24.7719675949636,0.));
#2006=CARTESIAN_POINT('',(-51.0334506046533,24.7719675949636,6.50000009685755));
#2007=CARTESIAN_POINT('',(-51.0334506046533,24.7719675949636,6.));
#2008=CARTESIAN_POINT('',(-54.0334506046533,24.7719675949636,6.50000009685755));
#2009=CARTESIAN_POINT('',(-51.0334506046533,24.7719675949636,6.50000009685755));
#2010=CARTESIAN_POINT('',(-54.0334506046533,24.7719675949636,8.));
#2011=CARTESIAN_POINT('',(-54.0334506046533,24.7719675949636,8.));
#2012=CARTESIAN_POINT('',(-51.0334506046533,24.7719675949636,8.));
#2013=CARTESIAN_POINT('',(-51.0334506046533,24.7719675949636,8.));
#2014=CARTESIAN_POINT('',(-51.0334506046533,24.7719675949636,9.));
#2015=CARTESIAN_POINT('',(-51.0334506046533,24.7719675949636,6.));
#2016=CARTESIAN_POINT('',(1.91654939534652,24.7719675949636,9.));
#2017=CARTESIAN_POINT('',(-12.3209506046534,24.7719675949636,9.));
#2018=CARTESIAN_POINT('',(1.91654939534652,24.7719675949636,9.));
#2019=CARTESIAN_POINT('Origin',(-51.0334506046533,22.7469675949636,0.));
#2020=CARTESIAN_POINT('',(-51.0334506046533,0.771967594963683,-1.));
#2021=CARTESIAN_POINT('',(-51.0334506046533,22.7469675949636,-1.));
#2022=CARTESIAN_POINT('',(-51.0334506046533,-0.228032405036339,0.));
#2023=CARTESIAN_POINT('',(-51.0334506046533,5.76571759496356,-5.99374999999997));
#2024=CARTESIAN_POINT('',(-51.0334506046533,-0.228032405036298,6.50000009685755));
#2025=CARTESIAN_POINT('',(-51.0334506046533,-0.228032405036339,9.));
#2026=CARTESIAN_POINT('',(-51.0334506046533,1.7719675949637,6.50000009685755));
#2027=CARTESIAN_POINT('',(-51.0334506046533,12.2594675949637,6.50000009685755));
#2028=CARTESIAN_POINT('',(-51.0334506046533,1.77196759496366,1.));
#2029=CARTESIAN_POINT('',(-51.0334506046533,1.77196759496366,0.));
#2030=CARTESIAN_POINT('',(-51.0334506046533,22.7719675949636,1.));
#2031=CARTESIAN_POINT('',(-51.0334506046533,17.5094675949636,1.));
#2032=CARTESIAN_POINT('',(-51.0334506046533,22.7719675949636,6.50000009685755));
#2033=CARTESIAN_POINT('',(-51.0334506046533,22.7719675949636,0.));
#2034=CARTESIAN_POINT('',(-51.0334506046533,23.7594675949636,6.50000009685755));
#2035=CARTESIAN_POINT('Origin',(-12.3209506046534,24.2719675949636,9.5));
#2036=CARTESIAN_POINT('',(-51.0334506046533,23.7719675949636,10.));
#2037=CARTESIAN_POINT('',(-51.0334506046534,26.2657175949636,7.50624999999996));
#2038=CARTESIAN_POINT('',(1.91654939534655,23.7719675949636,10.));
#2039=CARTESIAN_POINT('',(-12.3209506046534,23.7719675949636,10.));
#2040=CARTESIAN_POINT('',(1.91654939534652,21.0282175949638,12.7437499999999));
#2041=CARTESIAN_POINT('Origin',(-24.5584506046534,12.2719675949636,10.));
#2042=CARTESIAN_POINT('',(-51.0334506046533,0.771967594963643,10.));
#2043=CARTESIAN_POINT('',(-51.0334506046533,23.7719675949636,10.));
#2044=CARTESIAN_POINT('',(1.91654939534655,0.771967594963644,10.));
#2045=CARTESIAN_POINT('',(-36.7959506046534,0.771967594963644,10.));
#2046=CARTESIAN_POINT('',(1.91654939534655,0.771967594963701,10.));
#2047=CARTESIAN_POINT('',(-37.6544124707855,7.28926058560056,10.));
#2048=CARTESIAN_POINT('',(-27.6288661404092,7.28926058560056,10.));
#2049=CARTESIAN_POINT('',(-26.5936583725313,7.28926058560056,10.));
#2050=CARTESIAN_POINT('',(-37.6544124707855,17.2871667951953,10.));
#2051=CARTESIAN_POINT('',(-37.6544124707855,10.2806140902821,10.));
#2052=CARTESIAN_POINT('',(-27.6288661404092,17.2871667951953,10.));
#2053=CARTESIAN_POINT('',(-30.6064315377195,17.2871667951953,10.));
#2054=CARTESIAN_POINT('',(-27.6288661404092,14.2795671950795,10.));
#2055=CARTESIAN_POINT('',(-38.0000005960464,2.00000005960465,10.));
#2056=CARTESIAN_POINT('',(-38.0000005960464,12.0000001490116,10.));
#2057=CARTESIAN_POINT('',(-38.0000005960464,11.6359838719876,10.));
#2058=CARTESIAN_POINT('',(-48.0000006854534,2.00000005960465,10.));
#2059=CARTESIAN_POINT('',(-31.7792256003499,2.00000005960465,10.));
#2060=CARTESIAN_POINT('',(-48.0000006854534,12.0000001490116,10.));
#2061=CARTESIAN_POINT('',(-48.0000006854534,7.63598382728414,10.));
#2062=CARTESIAN_POINT('',(-35.7792256450534,12.0000001490116,10.));
#2063=CARTESIAN_POINT('',(-26.9477744245996,13.4905589443951,10.));
#2064=CARTESIAN_POINT('',(-23.1887179983097,13.4905589443951,10.));
#2065=CARTESIAN_POINT('',(-25.7531125146265,13.4905589443951,10.));
#2066=CARTESIAN_POINT('',(-23.1887179983097,11.1135085571824,10.));
#2067=CARTESIAN_POINT('',(-23.1887179983097,12.8812632696794,10.));
#2068=CARTESIAN_POINT('',(-26.9477744245996,11.1135085571824,10.));
#2069=CARTESIAN_POINT('',(-23.8735843014816,11.1135085571824,10.));
#2070=CARTESIAN_POINT('',(-26.9477744245996,11.692738076073,10.));
#2071=CARTESIAN_POINT('',(-38.0000005960464,12.5000002160668,10.));
#2072=CARTESIAN_POINT('',(-38.0000005960464,22.5000003054738,10.));
#2073=CARTESIAN_POINT('',(-38.0000005960464,16.8859839502187,10.));
#2074=CARTESIAN_POINT('',(-48.0000006854534,12.5000002160668,10.));
#2075=CARTESIAN_POINT('',(-31.7792256003499,12.5000002160668,10.));
#2076=CARTESIAN_POINT('',(-48.0000006854534,22.5000003054738,10.));
#2077=CARTESIAN_POINT('',(-48.0000006854534,12.8859839055152,10.));
#2078=CARTESIAN_POINT('',(-35.7792256450534,22.5000003054738,10.));
#2079=CARTESIAN_POINT('Origin',(-51.0334506046533,22.7469675949636,0.));
#2080=CARTESIAN_POINT('',(-51.0334506046533,22.7719675949636,8.));
#2081=CARTESIAN_POINT('',(-51.0334506046533,22.7594675949636,8.));
#2082=CARTESIAN_POINT('',(-51.0334506046533,1.77196759496366,8.));
#2083=CARTESIAN_POINT('',(-51.0334506046533,17.5094675949636,8.));
#2084=CARTESIAN_POINT('',(-51.0334506046533,-0.228032405036298,8.));
#2085=CARTESIAN_POINT('',(-51.0334506046533,11.2594675949637,8.));
#2086=CARTESIAN_POINT('',(-51.0334506046533,-0.228032405036339,9.));
#2087=CARTESIAN_POINT('',(-51.0334506046533,-0.228032405036339,9.));
#2088=CARTESIAN_POINT('',(-51.0334506046533,3.51571759496334,12.7437499999998));
#2089=CARTESIAN_POINT('Origin',(-36.7959506046534,0.271967594963691,-0.5));
#2090=CARTESIAN_POINT('',(1.91654939534652,0.771967594963683,-1.));
#2091=CARTESIAN_POINT('',(-36.7959506046534,0.771967594963682,-1.));
#2092=CARTESIAN_POINT('',(1.91654939534655,-0.228032405036299,0.));
#2093=CARTESIAN_POINT('',(1.91654939534657,0.528217594963708,-0.756250000000022));
#2094=CARTESIAN_POINT('',(-36.7959506046534,-0.228032405036299,0.));
#2095=CARTESIAN_POINT('Origin',(-49.0334506046533,-0.228032405036299,0.));
#2096=CARTESIAN_POINT('',(1.91654939534655,-0.228032405036299,9.));
#2097=CARTESIAN_POINT('',(1.91654939534655,-0.228032405036299,0.));
#2098=CARTESIAN_POINT('',(-36.7959506046534,-0.228032405036299,9.));
#2099=CARTESIAN_POINT('',(-54.0334506046533,-0.228032405036298,8.));
#2100=CARTESIAN_POINT('',(-51.0334506046533,-0.228032405036298,8.));
#2101=CARTESIAN_POINT('',(-54.0334506046533,-0.228032405036298,6.50000009685755));
#2102=CARTESIAN_POINT('',(-54.0334506046533,-0.228032405036298,8.));
#2103=CARTESIAN_POINT('',(-51.0334506046533,-0.228032405036298,6.50000009685755));
#2104=CARTESIAN_POINT('Origin',(-36.7959506046534,0.271967594963672,9.5));
#2105=CARTESIAN_POINT('',(1.91654939534657,-1.72178240503632,7.50624999999989));
#2106=CARTESIAN_POINT('Origin',(-52.5334506046533,22.7719675949636,6.50000009685755));
#2107=CARTESIAN_POINT('',(-52.5334506046533,22.7719675949636,8.));
#2108=CARTESIAN_POINT('',(-52.5334506046533,22.7719675949636,6.50000009685755));
#2109=CARTESIAN_POINT('',(-52.5334506046533,22.7719675949636,3.25000004842877));
#2110=CARTESIAN_POINT('',(-52.5334506046533,1.77196759496361,8.));
#2111=CARTESIAN_POINT('',(-52.5334506046533,22.7719675949636,8.));
#2112=CARTESIAN_POINT('',(-52.5334506046533,1.77196759496361,6.50000009685755));
#2113=CARTESIAN_POINT('',(-52.5334506046533,1.77196759496366,3.25000004842877));
#2114=CARTESIAN_POINT('',(-52.5334506046533,22.7719675949636,6.50000009685755));
#2115=CARTESIAN_POINT('Origin',(-49.0334506046533,1.77196759496366,0.));
#2116=CARTESIAN_POINT('',(-51.0334506046533,1.7719675949637,8.));
#2117=CARTESIAN_POINT('',(0.916549395346564,1.77196759496366,8.));
#2118=CARTESIAN_POINT('',(-36.7959506046534,1.77196759496366,8.));
#2119=CARTESIAN_POINT('',(0.916549395346564,1.77196759496366,1.));
#2120=CARTESIAN_POINT('',(0.916549395346564,1.77196759496366,0.));
#2121=CARTESIAN_POINT('',(-36.7959506046534,1.77196759496366,1.));
#2122=CARTESIAN_POINT('',(-51.0334506046533,1.7719675949637,6.50000009685755));
#2123=CARTESIAN_POINT('Origin',(-51.0334506046533,24.7719675949636,6.50000009685755));
#2124=CARTESIAN_POINT('',(-51.0334506046533,22.7719675949636,6.50000009685755));
#2125=CARTESIAN_POINT('',(-54.0334506046533,24.7719675949636,6.50000009685755));
#2126=CARTESIAN_POINT('Origin',(-51.0334506046533,22.7719675949636,8.));
#2127=CARTESIAN_POINT('',(-54.0334506046533,-0.228032405036298,8.));
#2128=CARTESIAN_POINT('',(-51.0334506046533,22.7719675949636,8.));
#2129=CARTESIAN_POINT('Origin',(-54.0334506046533,23.7719675949636,7.25000004842878));
#2130=CARTESIAN_POINT('Origin',(-26.5936583725313,7.78926058560056,9.5));
#2131=CARTESIAN_POINT('',(-28.6288661404092,8.28926058560056,9.));
#2132=CARTESIAN_POINT('',(-27.6288661404092,7.28926058560056,10.));
#2133=CARTESIAN_POINT('',(-36.6544124707855,8.28926058560056,9.));
#2134=CARTESIAN_POINT('',(-26.5936583725313,8.28926058560056,9.));
#2135=CARTESIAN_POINT('',(-37.6544124707855,7.28926058560056,10.));
#2136=CARTESIAN_POINT('Origin',(-28.1288661404092,14.2795671950795,9.5));
#2137=CARTESIAN_POINT('',(-28.6288661404092,16.2871667951953,9.));
#2138=CARTESIAN_POINT('',(-27.6288661404092,17.2871667951953,10.));
#2139=CARTESIAN_POINT('',(-28.6288661404092,14.2795671950795,9.));
#2140=CARTESIAN_POINT('Origin',(-30.6064315377195,16.7871667951953,9.5));
#2141=CARTESIAN_POINT('',(-36.6544124707855,16.2871667951953,9.));
#2142=CARTESIAN_POINT('',(-37.6544124707855,17.2871667951953,10.));
#2143=CARTESIAN_POINT('',(-30.6064315377195,16.2871667951953,9.));
#2144=CARTESIAN_POINT('Origin',(-37.1544124707855,10.2806140902821,9.5));
#2145=CARTESIAN_POINT('',(-36.6544124707855,10.2806140902821,9.));
#2146=CARTESIAN_POINT('Origin',(-36.6544124707855,8.28926058560056,9.));
#2147=CARTESIAN_POINT('',(-36.6544124707855,8.28926058560056,8.));
#2148=CARTESIAN_POINT('',(-36.6544124707855,8.28926058560056,9.));
#2149=CARTESIAN_POINT('',(-36.6544124707855,16.2871667951953,8.));
#2150=CARTESIAN_POINT('',(-36.6544124707855,10.2806140902821,8.));
#2151=CARTESIAN_POINT('',(-36.6544124707855,16.2871667951953,9.));
#2152=CARTESIAN_POINT('Origin',(-28.6288661404092,8.28926058560056,9.));
#2153=CARTESIAN_POINT('',(-28.6288661404092,8.28926058560056,8.));
#2154=CARTESIAN_POINT('',(-28.6288661404092,8.28926058560056,9.));
#2155=CARTESIAN_POINT('',(-26.5936583725313,8.28926058560056,8.));
#2156=CARTESIAN_POINT('Origin',(-38.5000005960464,16.8859839502187,9.5));
#2157=CARTESIAN_POINT('',(-39.0000005960464,21.5000003054738,9.));
#2158=CARTESIAN_POINT('',(-38.0000005960464,22.5000003054738,10.));
#2159=CARTESIAN_POINT('',(-39.0000005960464,13.5000002160668,9.));
#2160=CARTESIAN_POINT('',(-39.0000005960464,16.8859839502187,9.));
#2161=CARTESIAN_POINT('',(-38.0000005960464,12.5000002160668,10.));
#2162=CARTESIAN_POINT('Origin',(-35.7792256450534,22.0000003054738,9.5));
#2163=CARTESIAN_POINT('',(-47.0000006854534,21.5000003054738,9.));
#2164=CARTESIAN_POINT('',(-48.0000006854534,22.5000003054738,10.));
#2165=CARTESIAN_POINT('',(-35.7792256450534,21.5000003054738,9.));
#2166=CARTESIAN_POINT('Origin',(-47.5000006854534,12.8859839055152,9.5));
#2167=CARTESIAN_POINT('',(-47.0000006854534,13.5000002160668,9.));
#2168=CARTESIAN_POINT('',(-48.0000006854534,12.5000002160668,10.));
#2169=CARTESIAN_POINT('',(-47.0000006854534,12.8859839055152,9.));
#2170=CARTESIAN_POINT('Origin',(-31.7792256003499,13.0000002160668,9.5));
#2171=CARTESIAN_POINT('',(-31.7792256003499,13.5000002160668,9.));
#2172=CARTESIAN_POINT('Origin',(-39.0000005960464,13.5000002160668,9.));
#2173=CARTESIAN_POINT('',(-39.0000005960464,13.5000002160668,8.));
#2174=CARTESIAN_POINT('',(-39.0000005960464,13.5000002160668,9.));
#2175=CARTESIAN_POINT('',(-47.0000006854534,13.5000002160668,8.));
#2176=CARTESIAN_POINT('',(-31.7792256003499,13.5000002160668,8.));
#2177=CARTESIAN_POINT('',(-47.0000006854534,13.5000002160668,9.));
#2178=CARTESIAN_POINT('Origin',(-39.0000005960464,21.5000003054738,9.));
#2179=CARTESIAN_POINT('',(-39.0000005960464,21.5000003054738,8.));
#2180=CARTESIAN_POINT('',(-39.0000005960464,21.5000003054738,9.));
#2181=CARTESIAN_POINT('',(-39.0000005960464,16.8859839502187,8.));
#2182=CARTESIAN_POINT('Origin',(-24.5584506046534,12.2719675949636,8.));
#2183=CARTESIAN_POINT('',(0.91654939534652,22.7719675949636,8.));
#2184=CARTESIAN_POINT('',(-12.3209506046534,22.7719675949636,8.));
#2185=CARTESIAN_POINT('',(0.916549395346553,7.0344675949637,8.));
#2186=CARTESIAN_POINT('',(-47.0000006854534,21.5000003054738,8.));
#2187=CARTESIAN_POINT('',(-35.7792256450534,21.5000003054738,8.));
#2188=CARTESIAN_POINT('',(-47.0000006854534,12.8859839055152,8.));
#2189=CARTESIAN_POINT('',(-26.9477744245996,13.4905589443951,8.));
#2190=CARTESIAN_POINT('',(-23.1887179983097,13.4905589443951,8.));
#2191=CARTESIAN_POINT('',(-25.7531125146265,13.4905589443951,8.));
#2192=CARTESIAN_POINT('',(-26.9477744245996,11.1135085571824,8.));
#2193=CARTESIAN_POINT('',(-26.9477744245996,11.692738076073,8.));
#2194=CARTESIAN_POINT('',(-23.1887179983097,11.1135085571824,8.));
#2195=CARTESIAN_POINT('',(-23.8735843014816,11.1135085571824,8.));
#2196=CARTESIAN_POINT('',(-23.1887179983097,12.8812632696794,8.));
#2197=CARTESIAN_POINT('',(-39.0000005960464,11.0000001490116,8.));
#2198=CARTESIAN_POINT('',(-39.0000005960464,3.00000005960464,8.));
#2199=CARTESIAN_POINT('',(-39.0000005960464,11.6359838719876,8.));
#2200=CARTESIAN_POINT('',(-47.0000006854534,11.0000001490116,8.));
#2201=CARTESIAN_POINT('',(-35.7792256450534,11.0000001490116,8.));
#2202=CARTESIAN_POINT('',(-47.0000006854534,3.00000005960464,8.));
#2203=CARTESIAN_POINT('',(-47.0000006854534,7.63598382728414,8.));
#2204=CARTESIAN_POINT('',(-31.7792256003499,3.00000005960464,8.));
#2205=CARTESIAN_POINT('',(-28.6288661404092,16.2871667951953,8.));
#2206=CARTESIAN_POINT('',(-30.6064315377195,16.2871667951953,8.));
#2207=CARTESIAN_POINT('',(-28.6288661404092,14.2795671950795,8.));
#2208=CARTESIAN_POINT('Origin',(-28.6288661404092,16.2871667951953,9.));
#2209=CARTESIAN_POINT('',(-28.6288661404092,16.2871667951953,9.));
#2210=CARTESIAN_POINT('Origin',(-36.6544124707855,16.2871667951953,9.));
#2211=CARTESIAN_POINT('Origin',(-47.0000006854534,13.5000002160668,9.));
#2212=CARTESIAN_POINT('',(-47.0000006854534,21.5000003054738,9.));
#2213=CARTESIAN_POINT('Origin',(-47.0000006854534,21.5000003054738,9.));
#2214=CARTESIAN_POINT('Origin',(-38.5000005960464,11.6359838719876,9.5));
#2215=CARTESIAN_POINT('',(-39.0000005960464,11.0000001490116,9.));
#2216=CARTESIAN_POINT('',(-38.0000005960464,12.0000001490116,10.));
#2217=CARTESIAN_POINT('',(-39.0000005960464,3.00000005960464,9.));
#2218=CARTESIAN_POINT('',(-39.0000005960464,11.6359838719876,9.));
#2219=CARTESIAN_POINT('',(-38.0000005960464,2.00000005960465,10.));
#2220=CARTESIAN_POINT('Origin',(-35.7792256450534,11.5000001490116,9.5));
#2221=CARTESIAN_POINT('',(-47.0000006854534,11.0000001490116,9.));
#2222=CARTESIAN_POINT('',(-48.0000006854534,12.0000001490116,10.));
#2223=CARTESIAN_POINT('',(-35.7792256450534,11.0000001490116,9.));
#2224=CARTESIAN_POINT('Origin',(-47.5000006854534,7.63598382728414,9.5));
#2225=CARTESIAN_POINT('',(-47.0000006854534,3.00000005960464,9.));
#2226=CARTESIAN_POINT('',(-48.0000006854534,2.00000005960465,10.));
#2227=CARTESIAN_POINT('',(-47.0000006854534,7.63598382728414,9.));
#2228=CARTESIAN_POINT('Origin',(-31.7792256003499,2.50000005960465,9.5));
#2229=CARTESIAN_POINT('',(-31.7792256003499,3.00000005960464,9.));
#2230=CARTESIAN_POINT('Origin',(-39.0000005960464,3.00000005960464,9.));
#2231=CARTESIAN_POINT('',(-39.0000005960464,3.00000005960464,9.));
#2232=CARTESIAN_POINT('',(-47.0000006854534,3.00000005960464,9.));
#2233=CARTESIAN_POINT('Origin',(-39.0000005960464,11.0000001490116,9.));
#2234=CARTESIAN_POINT('',(-39.0000005960464,11.0000001490116,9.));
#2235=CARTESIAN_POINT('Origin',(-47.0000006854534,11.0000001490116,9.));
#2236=CARTESIAN_POINT('',(-47.0000006854534,11.0000001490116,9.));
#2237=CARTESIAN_POINT('Origin',(-47.0000006854534,3.00000005960464,9.));
#2238=CARTESIAN_POINT('Origin',(1.91654939534654,6.09999986365438,5.95999992065132));
#2239=CARTESIAN_POINT('',(1.91654939534654,6.09999986365438,5.95999992065132));
#2240=CARTESIAN_POINT('',(1.91654939534654,18.4690084139464,5.95999992065132));
#2241=CARTESIAN_POINT('',(1.91654939534656,3.94848372930904,5.95999992065132));
#2242=CARTESIAN_POINT('',(0.916549395346539,6.09999986365438,5.95999992065132));
#2243=CARTESIAN_POINT('',(1.91654939534654,6.09999986365438,5.95999992065132));
#2244=CARTESIAN_POINT('',(0.916549395346539,18.4690084139464,5.95999992065132));
#2245=CARTESIAN_POINT('',(0.916549395346558,3.94848372930904,5.95999992065132));
#2246=CARTESIAN_POINT('',(1.91654939534654,18.4690084139464,5.95999992065132));
#2247=CARTESIAN_POINT('Origin',(0.916549395346563,1.7969675949637,0.));
#2248=CARTESIAN_POINT('',(0.916549395346539,18.4690084139464,2.));
#2249=CARTESIAN_POINT('',(0.916549395346525,18.4690084139464,1.77499996032566));
#2250=CARTESIAN_POINT('',(0.916549395346539,6.09999986365438,2.));
#2251=CARTESIAN_POINT('',(0.916549395346553,6.09999986365438,1.77499996032566));
#2252=CARTESIAN_POINT('',(0.916549395346554,5.80591416881334,2.));
#2253=CARTESIAN_POINT('',(0.916549395346558,4.22289265515268,2.));
#2254=CARTESIAN_POINT('',(0.916549395346555,5.60591416881334,1.8));
#2255=CARTESIAN_POINT('Origin',(0.916549395346564,5.80591416881334,1.8));
#2256=CARTESIAN_POINT('',(0.916549395346556,5.60591416881334,1.));
#2257=CARTESIAN_POINT('',(0.916549395346555,5.60591416881334,0.));
#2258=CARTESIAN_POINT('',(0.916549395346553,7.0344675949637,1.));
#2259=CARTESIAN_POINT('',(0.916549395346516,22.7719675949636,1.));
#2260=CARTESIAN_POINT('',(0.916549395346516,22.7719675949636,5.));
#2261=CARTESIAN_POINT('',(0.916549395346527,18.9169133186742,1.));
#2262=CARTESIAN_POINT('',(0.916549395346553,7.0344675949637,1.));
#2263=CARTESIAN_POINT('',(0.916549395346524,18.9169133186742,1.8));
#2264=CARTESIAN_POINT('',(0.916549395346524,18.9169133186742,0.));
#2265=CARTESIAN_POINT('',(0.916549395346524,18.7169133186742,2.));
#2266=CARTESIAN_POINT('Origin',(0.916549395346562,18.7169133186742,1.8));
#2267=CARTESIAN_POINT('',(0.916549395346544,9.83548868355484,2.));
#2268=CARTESIAN_POINT('Origin',(0.916549395346539,12.2845041388004,2.75484200601752));
#2269=CARTESIAN_POINT('',(0.91654939534655,7.49172126186986,2.));
#2270=CARTESIAN_POINT('',(0.916549395346558,4.22289265515268,2.));
#2271=CARTESIAN_POINT('',(0.916549395346539,6.09999986365438,1.95968409138371));
#2272=CARTESIAN_POINT('',(0.916549395346539,6.09999986365438,1.95968409138371));
#2273=CARTESIAN_POINT('',(0.91654939534654,7.61214132232059,1.95968409138371));
#2274=CARTESIAN_POINT('',(0.916549395346539,18.4690084139464,1.95968409138371));
#2275=CARTESIAN_POINT('Origin',(0.916549395346562,7.49172126186986,1.8));
#2276=CARTESIAN_POINT('Origin',(1.91654939534654,18.4690084139464,3.54999992065132));
#2277=CARTESIAN_POINT('',(1.91654939534654,18.4690084139464,1.95968409138371));
#2278=CARTESIAN_POINT('',(1.91654939534653,18.4690084139464,1.77499996032566));
#2279=CARTESIAN_POINT('',(0.916549395346539,18.4690084139464,1.95968409138371));
#2280=CARTESIAN_POINT('',(0.916549395346539,18.4690084139464,3.54999992065132));
#2281=CARTESIAN_POINT('',(1.91654939534654,18.4690084139464,1.95968409138371));
#2282=CARTESIAN_POINT('Origin',(1.91654939534654,6.09999986365438,1.95968409138371));
#2283=CARTESIAN_POINT('',(1.91654939534654,6.09999986365438,1.95968409138371));
#2284=CARTESIAN_POINT('',(1.91654939534655,6.09999986365438,1.77499996032566));
#2285=CARTESIAN_POINT('',(1.91654939534654,6.09999986365438,1.95968409138371));
#2286=CARTESIAN_POINT('Origin',(1.91654939534654,18.4690084139464,1.95968409138371));
#2287=CARTESIAN_POINT('',(1.91654939534654,10.1329880044551,1.95968409138371));
#2288=CARTESIAN_POINT('',(0.916549395346538,16.9106861651669,1.95968409138371));
#2289=CARTESIAN_POINT('',(0.916549395346539,18.4690084139464,1.95968409138371));
#2290=CARTESIAN_POINT('',(0.916549395346544,10.1329880044551,1.95968409138371));
#2291=CARTESIAN_POINT('Origin',(0.916549395346539,12.2845041388004,2.75484200601752));
#2292=CARTESIAN_POINT('',(0.916549395346528,17.0311062256177,2.));
#2293=CARTESIAN_POINT('',(0.916549395346544,9.83548868355484,2.));
#2294=CARTESIAN_POINT('Origin',(0.916549395346564,17.0311062256177,1.8));
#2295=CARTESIAN_POINT('Origin',(0.916549395346563,1.7969675949637,0.));
#2296=CARTESIAN_POINT('',(0.916549395346529,16.8311062256177,1.8));
#2297=CARTESIAN_POINT('Origin',(0.916549395346564,17.0311062256177,1.8));
#2298=CARTESIAN_POINT('',(0.916549395346531,16.8311062256177,1.));
#2299=CARTESIAN_POINT('',(0.916549395346529,16.8311062256177,0.));
#2300=CARTESIAN_POINT('',(0.916549395346552,7.69172126186986,1.));
#2301=CARTESIAN_POINT('',(0.916549395346553,7.0344675949637,1.));
#2302=CARTESIAN_POINT('',(0.91654939534655,7.69172126186986,1.8));
#2303=CARTESIAN_POINT('',(0.91654939534655,7.69172126186986,0.));
#2304=CARTESIAN_POINT('Origin',(0.916549395346562,7.49172126186986,1.8));
#2305=CARTESIAN_POINT('Origin',(-11.3224127483183,18.7169133186742,1.8));
#2306=CARTESIAN_POINT('',(-50.9437027457581,18.9169133186742,1.8));
#2307=CARTESIAN_POINT('',(-50.9437027457581,18.7169133186742,2.));
#2308=CARTESIAN_POINT('Origin',(-50.9437027457581,18.7169133186742,1.8));
#2309=CARTESIAN_POINT('',(-11.3224127483183,18.7169133186742,2.));
#2310=CARTESIAN_POINT('',(-11.3224127483183,18.9169133186742,1.8));
#2311=CARTESIAN_POINT('Origin',(1.88468391749501,18.9169133186742,0.));
#2312=CARTESIAN_POINT('',(-50.9437027457581,18.9169133186742,1.));
#2313=CARTESIAN_POINT('',(-11.3368833435792,18.9169133186742,1.));
#2314=CARTESIAN_POINT('',(-50.9437027457581,18.9169133186742,0.));
#2315=CARTESIAN_POINT('Origin',(-37.7366060799449,17.0311062256177,1.8));
#2316=CARTESIAN_POINT('',(-50.9437027457581,17.0311062256177,2.));
#2317=CARTESIAN_POINT('',(-50.9437027457581,16.8311062256177,1.8));
#2318=CARTESIAN_POINT('Origin',(-50.9437027457581,17.0311062256177,1.8));
#2319=CARTESIAN_POINT('',(-37.7366060799449,16.8311062256177,1.8));
#2320=CARTESIAN_POINT('',(-37.7366060799449,17.0311062256177,2.));
#2321=CARTESIAN_POINT('Origin',(-24.5295094141316,17.8740097721459,2.));
#2322=CARTESIAN_POINT('',(-50.9437027457581,18.9169133186742,2.));
#2323=CARTESIAN_POINT('Origin',(-11.3224127483183,7.49172126186986,1.8));
#2324=CARTESIAN_POINT('',(-50.9437027457581,7.69172126186986,1.8));
#2325=CARTESIAN_POINT('',(-50.9437027457581,7.49172126186986,2.));
#2326=CARTESIAN_POINT('Origin',(-50.9437027457581,7.49172126186986,1.8));
#2327=CARTESIAN_POINT('',(-11.3224127483183,7.49172126186986,2.));
#2328=CARTESIAN_POINT('',(-11.3224127483183,7.69172126186986,1.8));
#2329=CARTESIAN_POINT('Origin',(-24.5295094141316,6.6488177153416,2.));
#2330=CARTESIAN_POINT('',(-50.9437027457581,5.80591416881334,2.));
#2331=CARTESIAN_POINT('',(-50.9437027457581,7.69172126186986,2.));
#2332=CARTESIAN_POINT('',(-37.7366060799449,5.80591416881334,2.));
#2333=CARTESIAN_POINT('Origin',(-50.9437027457581,7.69172126186986,0.));
#2334=CARTESIAN_POINT('',(-50.9437027457581,7.69172126186986,1.));
#2335=CARTESIAN_POINT('',(-50.9437027457581,7.69172126186986,0.));
#2336=CARTESIAN_POINT('',(-50.9437027457581,5.60591416881334,1.));
#2337=CARTESIAN_POINT('',(-50.9437027457581,9.98184442841676,1.));
#2338=CARTESIAN_POINT('',(-50.9437027457581,5.60591416881334,1.8));
#2339=CARTESIAN_POINT('',(-50.9437027457581,5.60591416881334,0.));
#2340=CARTESIAN_POINT('Origin',(-50.9437027457581,5.80591416881334,1.8));
#2341=CARTESIAN_POINT('Origin',(-37.7366060799449,5.80591416881334,1.8));
#2342=CARTESIAN_POINT('',(-37.7366060799449,5.60591416881334,1.8));
#2343=CARTESIAN_POINT('Origin',(-50.9437027457581,5.60591416881334,0.));
#2344=CARTESIAN_POINT('',(-37.7510766752058,5.60591416881334,1.));
#2345=CARTESIAN_POINT('Origin',(-23.1887179983097,13.4905589443951,8.));
#2346=CARTESIAN_POINT('',(-23.1887179983097,11.1135085571824,8.));
#2347=CARTESIAN_POINT('',(-23.1887179983097,13.4905589443951,8.));
#2348=CARTESIAN_POINT('Origin',(-23.1887179983097,11.1135085571824,8.));
#2349=CARTESIAN_POINT('',(-26.9477744245996,11.1135085571824,8.));
#2350=CARTESIAN_POINT('Origin',(-26.9477744245996,11.1135085571824,8.));
#2351=CARTESIAN_POINT('',(-26.9477744245996,13.4905589443951,8.));
#2352=CARTESIAN_POINT('Origin',(-26.9477744245996,13.4905589443951,8.));
#2353=CARTESIAN_POINT('Origin',(-24.5584506046534,12.2719675949636,-1.));
#2354=CARTESIAN_POINT('',(1.91654939534652,23.7719675949636,-1.));
#2355=CARTESIAN_POINT('Origin',(1.88468391749501,7.69172126186986,0.));
#2356=CARTESIAN_POINT('',(-11.3368833435792,7.69172126186986,1.));
#2357=CARTESIAN_POINT('Origin',(-50.9437027457581,16.8311062256177,0.));
#2358=CARTESIAN_POINT('',(-50.9437027457581,16.8311062256177,1.));
#2359=CARTESIAN_POINT('',(-50.9437027457581,16.8311062256177,0.));
#2360=CARTESIAN_POINT('',(-37.7510766752058,16.8311062256177,1.));
#2361=CARTESIAN_POINT('Origin',(-50.9437027457581,18.9169133186742,0.));
#2362=CARTESIAN_POINT('',(-50.9437027457581,15.5944404568189,1.));
#2363=CARTESIAN_POINT('Origin',(-24.5584506046534,12.2719675949636,1.));
#2364=CARTESIAN_POINT('',(-12.3209506046534,22.7719675949636,1.));
#2365=CARTESIAN_POINT('Origin',(-0.0834506046534856,22.7719675949636,0.));
#2366=CARTESIAN_POINT('Origin',(1.91654939534656,1.7969675949637,0.));
#2367=CARTESIAN_POINT('Origin',(-51.0334506046533,24.7719675949636,8.));
#2368=CARTESIAN_POINT('',(-51.0334506046533,22.7719675949636,8.));
#2369=CARTESIAN_POINT('',(-51.0334506046533,24.7719675949636,8.));
#2370=CARTESIAN_POINT('',(-51.0334506046533,22.7719675949636,8.));
#2371=CARTESIAN_POINT('',(-52.5334506046533,22.7719675949636,8.));
#2372=CARTESIAN_POINT('',(-51.0334506046533,22.7719675949636,8.));
#2373=CARTESIAN_POINT('',(-52.5334506046533,24.7719675949636,8.));
#2374=CARTESIAN_POINT('',(-52.5334506046533,22.7719675949636,8.));
#2375=CARTESIAN_POINT('',(-51.0334506046533,24.7719675949636,8.));
#2376=CARTESIAN_POINT('Origin',(-51.0334506046533,24.7719675949636,10.));
#2377=CARTESIAN_POINT('',(-51.0334506046533,24.7719675949636,10.));
#2378=CARTESIAN_POINT('',(-51.0334506046533,24.7719675949636,8.));
#2379=CARTESIAN_POINT('',(-52.5334506046533,24.7719675949636,10.));
#2380=CARTESIAN_POINT('',(-52.5334506046533,24.7719675949636,8.));
#2381=CARTESIAN_POINT('',(-51.0334506046533,24.7719675949636,10.));
#2382=CARTESIAN_POINT('Origin',(-51.0334506046533,-0.228032405036296,10.));
#2383=CARTESIAN_POINT('',(-51.0334506046533,-0.228032405036298,10.));
#2384=CARTESIAN_POINT('',(-51.0334506046533,24.7719675949636,10.));
#2385=CARTESIAN_POINT('',(-52.5334506046533,-0.228032405036296,10.));
#2386=CARTESIAN_POINT('',(-52.5334506046533,24.7719675949636,10.));
#2387=CARTESIAN_POINT('',(-51.0334506046533,-0.228032405036298,10.));
#2388=CARTESIAN_POINT('Origin',(-51.0334506046533,-0.228032405036298,8.));
#2389=CARTESIAN_POINT('',(-51.0334506046533,-0.228032405036298,8.));
#2390=CARTESIAN_POINT('',(-51.0334506046533,-0.228032405036298,10.));
#2391=CARTESIAN_POINT('',(-52.5334506046533,-0.228032405036296,8.));
#2392=CARTESIAN_POINT('',(-52.5334506046533,-0.228032405036298,10.));
#2393=CARTESIAN_POINT('',(-51.0334506046533,-0.228032405036298,8.));
#2394=CARTESIAN_POINT('Origin',(-51.0334506046533,1.7719675949637,8.));
#2395=CARTESIAN_POINT('',(-51.0334506046533,1.7719675949637,8.));
#2396=CARTESIAN_POINT('',(-51.0334506046533,-0.228032405036298,8.));
#2397=CARTESIAN_POINT('',(-52.5334506046533,1.77196759496371,8.));
#2398=CARTESIAN_POINT('',(-52.5334506046533,-0.228032405036298,8.));
#2399=CARTESIAN_POINT('',(-51.0334506046533,1.7719675949637,8.));
#2400=CARTESIAN_POINT('Origin',(-51.0334506046533,1.7719675949637,1.));
#2401=CARTESIAN_POINT('',(-51.0334506046533,1.7719675949637,1.));
#2402=CARTESIAN_POINT('',(-51.0334506046533,1.7719675949637,6.50000009685755));
#2403=CARTESIAN_POINT('',(-52.5334506046533,1.77196759496371,1.));
#2404=CARTESIAN_POINT('',(-52.5334506046533,1.7719675949637,6.50000009685755));
#2405=CARTESIAN_POINT('',(-51.0334506046533,1.7719675949637,1.));
#2406=CARTESIAN_POINT('Origin',(-51.0334506046533,22.7719675949636,1.));
#2407=CARTESIAN_POINT('',(-51.0334506046533,22.7719675949636,1.));
#2408=CARTESIAN_POINT('',(-51.0334506046533,1.7719675949637,1.));
#2409=CARTESIAN_POINT('',(-52.5334506046533,22.7719675949636,1.));
#2410=CARTESIAN_POINT('',(-52.5334506046533,1.7719675949637,1.));
#2411=CARTESIAN_POINT('',(-51.0334506046533,22.7719675949636,1.));
#2412=CARTESIAN_POINT('Origin',(-51.0334506046533,22.7719675949636,8.));
#2413=CARTESIAN_POINT('',(-51.0334506046533,22.7719675949636,8.));
#2414=CARTESIAN_POINT('',(-52.5334506046533,22.7719675949636,8.));
#2415=CARTESIAN_POINT('Origin',(-52.5334506046533,12.2719675949637,5.5));
#2416=CARTESIAN_POINT('Origin',(-51.0334506046533,12.2719675949637,5.5));
#2417=UNCERTAINTY_MEASURE_WITH_UNIT(LENGTH_MEASURE(0.01),#2421,
'DISTANCE_ACCURACY_VALUE',
'Maximum model space distance between geometric entities at asserted c
onnectivities');
#2418=UNCERTAINTY_MEASURE_WITH_UNIT(LENGTH_MEASURE(0.01),#2421,
'DISTANCE_ACCURACY_VALUE',
'Maximum model space distance between geometric entities at asserted c
onnectivities');
#2419=(
GEOMETRIC_REPRESENTATION_CONTEXT(3)
GLOBAL_UNCERTAINTY_ASSIGNED_CONTEXT((#2417))
GLOBAL_UNIT_ASSIGNED_CONTEXT((#2421,#2423,#2424))
REPRESENTATION_CONTEXT('','3D')
);
#2420=(
GEOMETRIC_REPRESENTATION_CONTEXT(3)
GLOBAL_UNCERTAINTY_ASSIGNED_CONTEXT((#2418))
GLOBAL_UNIT_ASSIGNED_CONTEXT((#2421,#2423,#2424))
REPRESENTATION_CONTEXT('','3D')
);
#2421=(
LENGTH_UNIT()
NAMED_UNIT(*)
SI_UNIT(.MILLI.,.METRE.)
);
#2422=(
LENGTH_UNIT()
NAMED_UNIT(*)
SI_UNIT($,.METRE.)
);
#2423=(
NAMED_UNIT(*)
PLANE_ANGLE_UNIT()
SI_UNIT($,.RADIAN.)
);
#2424=(
NAMED_UNIT(*)
SI_UNIT($,.STERADIAN.)
SOLID_ANGLE_UNIT()
);
#2425=SHAPE_DEFINITION_REPRESENTATION(#2426,#2427);
#2426=PRODUCT_DEFINITION_SHAPE('',$,#2429);
#2427=SHAPE_REPRESENTATION('',(#1531),#2419);
#2428=PRODUCT_DEFINITION_CONTEXT('part definition',#2433,'design');
#2429=PRODUCT_DEFINITION('2026-08-27-17-13-40-889','case',#2430,#2428);
#2430=PRODUCT_DEFINITION_FORMATION('',$,#2435);
#2431=PRODUCT_RELATED_PRODUCT_CATEGORY('case','case',(#2435));
#2432=APPLICATION_PROTOCOL_DEFINITION('international standard',
'automotive_design',2009,#2433);
#2433=APPLICATION_CONTEXT(
'Core Data for Automotive Mechanical Design Process');
#2434=PRODUCT_CONTEXT('part definition',#2433,'mechanical');
#2435=PRODUCT('2026-08-27-17-13-40-889','case',$,(#2434));
#2436=PRESENTATION_STYLE_ASSIGNMENT((#2437));
#2437=SURFACE_STYLE_USAGE(.BOTH.,#2438);
#2438=SURFACE_SIDE_STYLE('',(#2439));
#2439=SURFACE_STYLE_FILL_AREA(#2440);
#2440=FILL_AREA_STYLE('Steel - Satin',(#2441));
#2441=FILL_AREA_STYLE_COLOUR('Steel - Satin',#2442);
#2442=COLOUR_RGB('Steel - Satin',0.627450980392157,0.627450980392157,0.627450980392157);
ENDSEC;
END-ISO-10303-21;
